,0,1,2,3,4,5,6,7,8,9,10,11,12,13,14,15,16,17,18,19,20,21,22,23,24,25,26,27,28,29,30,31,32,33,34,35,36,37,38,39,40,41,42,43,44,45,46,47,48,49,50,51,52,53,54,55,56,57,58,59,60,61,62,63,64,65,66,67,68,69,70,71,72,73,74,75,76,77,78,79,80,81,82,83,84,85,86,87,88,89,90,91,92,93,94,95,96,97,98,99,sum_creator_normalized_accumulated_reward
0,23.93815061109991,29.812075201982132,29.4548162207141,22.718152981832933,31.44586389939351,34.0431080872883,32.72808055426931,28.742540232241915,37.545299202927666,29.644369281187625,37.09511929119319,32.993238107551726,24.965289123652546,31.544326845679148,32.290930979474666,27.459838079943232,32.173824800873035,40.61077890848352,31.646018118687493,36.01086678477943,36.6000943844068,33.38099173607113,28.565197120560526,27.534064355738757,29.48145075365816,29.606514370365794,35.90716690762993,36.13914197565265,28.29181841111454,40.687749394013295,25.437594068795885,35.42747485037832,34.0929281828197,30.35649820873804,38.211636602263596,27.019262420320615,34.80521401482679,31.956628898958,37.17641403700275,35.37997464431204,31.381111712073867,33.42616284162523,33.14322780756224,34.52693062701727,33.094620988103955,31.381515660618742,29.536552811976115,38.84082885485242,38.3812256984747,28.823170063365104,39.392506873578895,31.437182023053037,34.47982310910559,33.54000652882303,34.287173310315474,30.345643075927775,33.80747734873779,33.342993706108395,37.794890485846494,41.182540159477846,34.01024393119609,30.573693265207897,36.05759013781879,32.38888765674371,40.965535719505304,33.30120020702221,34.77132247551286,38.82462925647464,40.70018020397438,36.82116185366925,37.583844653783935,38.90091292921996,35.17382549023576,34.48142020162021,32.36568103453567,38.9174068105194,32.63626793420993,32.00748707690617,31.265194399142548,30.347320378522568,35.508154041758914,38.34226294557088,33.70040102553734,31.882468047231395,38.35656348709806,31.580964981515546,39.077489444339584,34.162019756734296,39.25151158785269,38.789144680158685,37.4845817523337,38.36427884257714,38.090995977032364,34.535344817686585,35.36773977141314,39.54258435906221,36.07010535187867,34.85639505999662,36.27924653478995,33.7077391249941,33921.0988354291
1,25.115054315219428,25.14544584224206,29.07797627899681,30.766347303175923,36.26008136322805,36.30790837491768,31.457188228845514,33.3976545786797,37.45246939653212,27.470738416029633,31.95950933036147,30.091377922807602,37.87711277296665,33.54990295189716,33.49363881893846,34.88808020170235,32.55811351104164,34.32054667999549,38.37608906694223,30.63937683526466,36.48317362504647,31.930146427621263,33.184253046465145,37.55913449811924,38.49070189795464,35.37345224601207,30.617002889162883,33.20983043775745,30.07001545714266,39.46479840349768,40.019801048850795,36.79831278759214,32.52827029709765,37.21175578774763,37.05944002105464,34.19331921995477,30.089969181205515,30.209277570051928,34.986862409644324,35.79271667947938,39.05682393106441,36.96412343974542,28.90863286901539,34.060894484926735,33.25298351703018,31.409545991201135,39.080076591199955,38.74988144268426,32.85873754206456,32.01025956700019,38.791499359452395,36.30087454466807,29.698938602373527,37.556121355198094,35.99308960465221,34.76234419566755,35.246620744801625,32.3292444292009,35.885286234288515,35.78561319583905,34.89768534237341,34.100661421415126,38.18499010360539,38.30837654622245,35.857728279942066,35.085464498882615,36.59260383261481,40.841520418729715,39.63757229666608,39.6625487269675,39.14559625094078,33.91015564374986,32.02061076247716,34.73368415542812,39.24495830290245,39.004470818114804,37.17375420006831,35.56879894559721,33.64847333874485,36.7648890446974,35.87809791352633,36.97694882314645,37.31348110346512,40.32674089568227,33.71349553090331,33.54750913808889,36.558520429036456,35.79274010239218,38.807615619994046,37.20755352149017,38.1759316884192,36.25521831735936,32.89462790153696,38.7073925037223,40.450512428007,33.782613329262134,38.411787917030914,39.478993838724,35.88498960951606,37.33505795834967,35160.6280926311
2,26.320890289593628,32.02373440721258,35.79234024681151,29.70865979144304,33.349837561751556,33.772289284416544,37.81484602735466,36.30589113839399,32.510791467083536,35.53795165822454,29.44752439496748,36.72873047931815,27.966506665644914,33.707501534531275,31.32573880969078,32.94502950316895,36.34731595657899,32.57934958381405,34.946529878846704,36.09931898020501,41.380598686959885,37.44548046735977,30.587476656397207,31.326917515900686,38.73032945383443,36.27377275744471,36.10996831771553,34.6434057363629,33.68600086698669,31.46677964983211,30.498965222041214,37.30801967608097,28.008457491900003,41.01256346369871,33.251744768763096,37.74762859797901,31.26498593193208,36.791008649582025,34.37695027335174,34.60176382452504,36.387559853206355,30.932259618848025,38.203311268185146,38.283287570743475,37.62701348909425,39.46696656463209,33.268551454338336,31.04369187585246,31.929172530067188,37.342808514058376,36.64827498066631,38.82498451712748,29.80945250905763,39.48519054403346,38.461810195887395,26.867455142002893,35.24455762181255,39.54007753047873,34.4939644707832,30.636107562342808,39.166862716308856,34.60035558756764,34.51751121838313,28.310446903719946,37.821684418923994,41.27697236443314,40.74897448987249,36.945132282220186,38.922724445353026,37.03666507813307,31.04514412713454,37.31814548106738,39.026034418543404,33.83134136502728,38.67632027098729,30.226260753631074,41.022471110106515,32.91714570417994,32.3085358297533,32.448498262538735,38.600296332805065,40.011166280123085,30.583481185908237,38.58593425056358,37.09650849210165,27.804244744424512,37.26602196973765,34.18021288662926,41.13769604879544,38.64863791428822,35.37306346226218,36.65083538764564,33.6104234592143,38.406868287028054,36.369425835840126,36.23927470796059,35.854559845859896,34.662254003030014,35.41281611579939,41.161771152510845,35120.62812671331
3,26.681150459203497,29.57776079914,29.1321991061735,29.207077804156164,28.798801165056933,36.76209194809016,33.93727074176328,34.99940886988549,36.68420645637755,37.56474817888316,37.49864890318791,33.447806065135396,38.3117286545788,35.80757395393113,41.80383784981663,41.10105707784784,37.93695177246724,42.335227954276064,40.08415274945176,40.580310858644424,38.99317807932194,36.711027724560076,39.63563989986382,37.70435263931176,37.39259456029683,40.19163125056037,42.26218380901956,33.52723870716152,41.87603232726851,42.605141102789304,31.559001997663003,41.41470714506267,41.85903375673911,39.04078483142897,34.677321294255876,43.97613098370405,40.550715681425814,42.15800181423472,41.04188728347611,45.27025342134981,40.02461438574219,39.47007151755434,39.877468387189666,41.32357512458287,36.96568367536637,40.48521213189651,30.084467654372563,44.02453196137507,42.90252945752905,33.53526810036314,35.08345608086998,45.43650789627499,37.4880286713002,36.41144066944206,42.463011118753926,41.86218430990553,40.51669243282077,37.95414242801667,34.26920826764045,43.45355919677013,36.939547003245785,38.203308775252076,45.95651035604786,43.03525030381248,40.19152818018915,41.05571823741515,43.691733152369046,36.038643220513435,43.30947909317373,40.860791479921915,40.2227984802956,44.68138376633361,38.53335275818118,37.67956066034459,41.200439624626306,43.60866582748591,45.19214752838924,40.542624210245805,40.317643918665226,40.290614426829016,39.26353760939699,43.55554855679439,41.04270909880253,37.76420630576307,41.34391078858024,45.75875119300973,45.99319065560687,39.018011400461624,44.30268691653209,45.8258590674704,43.15569803004428,39.3898728656296,40.5220125081426,45.60508121408642,38.10579706724588,41.26378615117075,41.039181488831396,43.89519892158104,43.018737154159936,38.53006594521131,35677.8819531184
4,28.998454463604695,29.697666109060965,24.8766396225071,35.05809163173263,37.549247004299176,29.391699656039656,28.781402203504904,28.649365714340366,29.99215491402262,32.4718408514889,33.23105842910279,38.72114220231445,35.212943190944316,32.73217875483017,28.09281912557761,37.787327277136555,34.84423907423697,37.00056086969771,39.03191960687166,35.124624065916336,38.44518626823056,36.51504908821812,36.44525030813707,31.952037999193102,38.2141478967093,31.95892532480242,36.11488516805325,34.85204280485706,34.61074161479905,38.96652949260482,34.33855157765579,38.545062920537646,32.87401442583035,36.955076313130085,36.631279645282305,29.849194330316607,38.54463235950359,35.25097205891319,36.63860295878122,33.330157788170744,40.209115932871306,36.54320781634796,40.69150873742692,36.40809696066101,39.365143646178396,36.90712325742554,34.363124367740475,40.62808824213496,32.243488098508564,31.412648882694146,38.81659848547541,35.348200478862694,35.67147931346484,35.237832293658535,38.004513783688964,28.46883518314682,38.28428123859548,37.80481885049082,35.72274539357037,40.63126994764234,37.01142265389397,40.64699619822018,35.48705823336046,40.79785134537633,35.47199471360909,38.93583254312921,40.8655810422571,36.31450229409012,37.18576739843179,37.9362288718807,37.820685690129196,38.41107076043188,32.379599086877064,38.846677716344495,34.28836152880149,35.908519214854834,38.41682189753324,38.25777617585008,39.74322493799984,37.62957074174716,37.89356454766843,37.72732693773374,38.15197298508535,33.74408834077235,39.27684712028507,36.41423668039085,37.70624308574612,41.05582993184694,41.0289457802181,40.68449378663449,38.79245820806432,35.69571630563085,41.05104359525558,33.88872403581577,38.22258881686012,33.76932538013195,40.88960616842742,38.174375929363386,38.83145960772013,39.13931229595714,36155.33538605967
5,26.668481103558747,30.34066106797232,23.973211260708712,30.278425000488284,30.482225113754225,29.249453040019336,32.285719478469886,33.53011279633442,32.710921094508265,30.095703843719626,35.01256754762703,31.754674868355032,33.21025992214615,33.7062888815286,29.25798708784196,27.15080988030096,34.22130845213717,34.60236125329966,30.817295694792314,28.800665193245457,34.7077872123151,34.450185514029805,33.95475720441415,37.20327205682053,36.381675627949846,29.34059012155145,28.22634322758696,29.555959961811073,34.798651367679284,33.98609131795898,28.703538225372835,31.66516315420197,31.21662864989769,33.2604267037777,32.9746211868201,37.107662861591315,31.28549425023481,32.68283816333493,30.842730838682336,30.994791984711117,34.29074024414038,38.34486764298676,29.957869761313674,33.6693073053209,37.174321280144746,29.769155999186296,36.88567882018253,36.044840036758615,40.82842834066109,33.276318648834675,29.599249102619854,35.76673524690792,32.898248009386144,33.36071768562721,38.977706251956135,36.027575254346985,36.4302692459735,31.176738178567792,35.364564438025035,34.2564037086885,36.059001857103794,34.956044860673536,38.86486392034932,31.482891296411946,37.219458659748604,39.396373842547995,31.82545315929334,36.5594901877934,32.94456653931602,33.27290134851614,31.7638400018108,35.552394623302675,37.58836237212314,36.0072659379304,37.605423646692614,38.113375189116184,33.23908978020334,37.78279020389239,35.78981019658049,37.07691775090482,29.7093757928371,33.38502318424226,39.711488953073555,38.666526709841264,35.323180219178674,38.98699303139873,36.509493469879395,40.986672229939266,34.3466250425109,34.391320997652585,33.87649862001101,31.81223280740512,40.56682075406784,35.48859410525174,34.13209233439427,34.25501765289456,40.610938088668625,30.254900814546566,29.718752205266618,40.87736916423614,33922.98308964786
6,31.800907258073437,30.695897158842975,33.17329147655862,33.19946931560111,32.18001080016146,39.17875705075375,28.09420259569071,33.66775403782425,26.704888815519816,29.50075996213466,35.51956400209366,31.635044799566522,32.3924573829096,33.27206353190975,32.00682431777035,38.54235170380173,33.65272084467337,37.90513596364824,36.91870084258712,34.7074188079682,38.62057643520816,32.32091040930318,32.08221965211875,40.7447716122476,36.130424456074095,36.49640360775368,35.28321073932575,32.31998929280614,38.77650435919929,39.84561668083504,34.69630248509263,38.7462498578369,34.440534563529575,33.968261342052905,32.22641451618875,32.094169314358425,36.64377931790217,36.3763603759582,34.37781252487403,35.39034186708315,32.40350732772991,31.882387575656217,36.16537429455953,40.95001876857875,34.87134020030589,33.35773150787202,37.306241033206405,35.98595586178171,36.144482113561615,37.20916035453523,34.42050482112308,33.58297818471,36.19811775877399,37.18784732913364,39.03550858927361,35.16500450103585,28.478977806420723,30.193647176683374,33.48871988205549,33.3901901622245,38.34480262728852,36.35193808846988,40.54725463001323,40.975819234656456,37.146298272263685,35.07777532426415,38.49640674273532,37.43616543790104,37.78107443345218,34.44671381615298,34.76479642669425,37.92851181188731,38.71547793823496,38.066778465104804,32.18239975488733,34.9000737673446,41.013055295421054,38.192765184310396,34.874648398617566,39.24406587875096,34.56845833562827,40.926154332423266,38.9260507836663,37.28989328525645,40.57191943822536,37.63055824105804,38.38422318952213,39.00035859186012,31.931179650958427,36.18314359514941,39.01906700394629,32.260772198276456,35.901891842018,36.51236877265609,38.215893686242495,36.08873862026503,40.461762386246484,37.58728869593773,32.449218319091145,37.97764308513017,35621.20174909067
7,23.76707279744715,27.648749778020573,29.695836465483175,29.920077875922452,33.21449867258547,30.452676337296985,30.637447168426604,29.06330165150917,36.45843174289413,33.440442497664435,34.92427041923726,32.06598376121782,28.280793992492317,33.46160490675685,33.036926676268095,30.975698002993557,34.30530542928769,37.197987740202464,33.520787980294834,37.37033636790916,34.096281906018966,34.48297841534129,38.73017386043371,37.98160201730956,35.60262366181918,36.18483772684706,39.98900973069159,35.73604959920534,35.60407791807412,38.559263314209204,33.55428695248688,37.98060207126043,31.747237385955998,35.366626698928215,36.21675779594897,35.49459224948491,38.821555628557284,35.25184189046021,31.88346844634062,33.313210970653806,37.3704511478393,36.40793085756298,34.64286644002938,30.248516190163322,37.72743326540556,39.17302715888527,34.70108985248233,37.120930323683055,37.744426838199175,33.90996781564971,32.67712053065701,41.353155322326145,37.149332657720166,31.4076617176958,37.68121103328394,41.3106120112793,37.02008351476022,33.82198672666921,28.07323413575647,35.25828224333817,32.564864734043454,41.309794998372084,39.63593114901695,38.28914273890401,36.44810728782613,41.32241505818197,33.16708806409577,36.01341957064782,33.06847776208481,36.50759770083132,33.099742806948186,36.256369620666646,39.69030166895057,39.203836962555464,34.95305752092713,35.4538351053546,29.727935778046714,36.60649782398197,37.78333213829836,38.79508817306652,33.993555783087814,37.13804901290588,27.828654057180948,41.41065312250767,41.67473569705176,36.369572442899155,34.43095043072019,41.036443657111434,37.59638946807329,36.152675745015415,37.295007181818235,35.95848171465766,39.95185216293972,38.42081271895772,32.28946399470641,37.220925744724425,36.10291065478965,40.009925037686024,33.22189259032105,39.07378852443088,35379.082046917094
8,29.830147937633114,30.345788075774692,29.97068716170721,32.75762285536875,26.96000800310991,26.29787952160013,23.902290088776375,27.21833358193461,32.392096731644905,20.447309331830652,35.208342826042305,31.581338186879634,33.33671822946424,35.0365551188239,33.57894503520073,31.12320045491855,31.702093395098142,31.513214185422573,36.96804970952128,36.05913465498271,32.03412180166357,41.262149226669315,31.879978985132915,20.813333079460058,37.82594757934463,29.491023781496676,33.66687603215071,30.64756673752958,33.122263701084435,41.354047302075784,30.412893531274513,31.64302956204519,34.47374162548632,37.92688000035015,34.421094915445146,36.86184076231848,32.323502517096394,32.3696669898975,39.39466993170764,38.84655913458064,32.83060635495856,37.39611209938385,36.13180928784054,32.16380057349152,34.346162271541,38.44246766571954,36.11942776306264,29.957588875827515,32.308549673457435,37.80749139898662,38.50103275193281,40.95770447051759,36.34438133035877,38.449643582571326,34.1325544007457,40.95391584931713,32.22899660920761,36.75801761122078,34.636722682664086,35.3678807419645,41.299185534908794,31.58058137763222,33.32223743745975,36.98960274910299,34.84880512713735,39.288212878296896,38.02685939169686,39.92294901003031,29.94764040514125,34.002191987899685,33.131763225624674,27.89373567715136,36.025780722054755,30.43830621831406,34.75160520840289,35.676459115917226,35.906606068989184,35.395437649518385,36.64397743882692,39.10910096791474,40.93042780332803,34.760526686385994,35.59670510262502,33.10630877902381,38.77790382728388,36.69338025679623,38.78754055142021,41.22065419397095,34.81737540371459,36.0285248486324,41.635075866460646,36.73623818538425,34.98223133949364,41.403144963354315,36.206343587856466,33.65449974291603,31.286415062496086,39.030135338580536,37.089526045645286,39.122422430294364,34589.02226484996
9,30.337122545865363,32.996945583074925,27.67315734787105,26.797168430307487,31.30728588078249,33.78264836739096,31.635657249818866,23.489280235665547,29.859123788000403,31.526311129541966,38.018120727228265,28.469546705881488,27.73868585272394,29.652090098447104,32.41863072102463,34.628186576059434,32.058403085368056,36.55058128723615,37.27385796588533,30.1554147088436,31.441011700651778,34.071949388525994,37.236675866256576,30.563312990307157,37.579760625452124,28.670677226728902,39.28186545293754,38.46264529724323,33.0151998186815,36.7236956104854,34.1316175765765,32.455737509721466,35.67215310539656,31.12656042071515,39.55771784042523,36.69620903704657,33.262529061970255,37.59466832304794,39.988027892646286,35.483794805686884,36.44326826534355,38.06580500454106,30.891961779851407,35.06650594240877,39.258873243403045,39.99472875283939,34.08342274113012,38.71049766516146,34.21817566049839,32.82855669587259,38.286090454919716,33.40172113715112,39.652433651911494,36.650040733570364,38.86624532762749,38.72123773735635,34.37402817549964,39.0934694471268,33.27040318049443,39.04879511811792,38.755171923841786,33.92778468979723,35.67344092702009,41.00120685915836,41.268801624549084,41.01934297130079,36.78214140259918,41.42660675836741,38.266115873319464,39.0086480427722,41.41855175427558,39.10404205755049,40.706347238963964,33.82517958956962,41.410383959656926,38.15576688981249,33.754151403841,39.37686601720869,39.35025565566533,40.746916207756065,36.44599324302972,40.99939054244637,36.00283744557155,34.51368108045168,41.565019520176975,41.04709227628346,40.82388120645264,31.771964406506594,29.174244429963995,37.34297708855062,38.60510387443812,39.377817475025026,34.458815223108445,38.177477263920046,33.938621257948284,39.03883799549444,35.215334811598986,36.594518977425466,41.46116397709038,34.38905787673777,35762.31840371591
10,27.383173950773017,35.79718873645022,31.146743951116594,26.432938955803344,31.376765340277995,27.0422143668668,34.77305252536079,30.046807051248567,33.586798311051034,30.12915486111706,33.69755912327294,37.30954995876712,28.709928170560623,33.136506957447565,32.06165654038648,33.65300861224557,36.982090618356494,33.655785447115385,32.84579956981554,32.51605818662459,31.407047679321998,36.11901397997045,28.79837299828629,33.15869614618296,29.143284144338317,30.675418094946245,29.466804084337276,29.42883533633476,37.97652556946107,32.1332577889863,31.170664013377337,32.325043977644015,35.98640962630459,34.65476988609103,37.90170753254796,38.62449188062324,32.0194921212586,36.34472269489534,30.724584678739735,30.177264436387638,31.433090816759062,31.205457140242693,37.83729829958144,36.51287940715281,36.896807863544026,35.17799933958933,32.8163489521123,30.285477975505863,34.95369157156411,35.59906965145818,34.00437452300954,38.34294895920245,36.482255993788655,36.27198313836767,37.89955157668462,35.88029567446764,33.84631109355168,31.757517346808605,35.337976501030916,35.85620729822044,33.89919767544818,38.44205339824481,32.37860051580815,40.50356926574409,33.75809706478543,38.46240845072092,37.86400022710264,36.70247351076447,40.36550270347577,35.54040610307129,38.37813404396478,38.5500380027088,32.564330978344415,33.075682823501495,35.01719673511722,35.26381084711513,30.19725901055326,36.52402050946315,35.850202203468065,36.023036667891574,35.92949721754428,32.79461095229853,35.199332102613766,32.869996799702825,35.26820034898501,40.35452697279961,34.058982209015504,40.5516813719707,34.75204167448351,34.129020606038125,40.37861963175392,38.26303503034653,34.78517544120545,35.80608370325656,34.24368994841973,35.20318822770012,34.23222868720835,32.7042333293045,37.28480221689856,40.83095105403631,34379.166492902106
11,28.312651547841778,31.645638003165054,22.27188329691985,32.444752236302435,32.8094901688289,26.672185187366676,24.490819747882636,32.03135988679954,26.111439721471168,32.285718954663416,32.50358745953595,32.44996536726611,28.827100996344928,25.325948118275964,33.009384972075615,30.39388059231868,29.977863844960886,37.33409703025301,34.66537034903308,33.46784678236469,28.032606525441917,28.538831888718658,29.43093439060872,33.83302361774885,37.504373873588314,31.855565543010194,31.90130909301635,33.9077035353247,27.41332557023024,36.87945446476227,27.905375024235052,34.7079280970735,30.32476480668376,29.74980285326916,35.04024644131355,31.313573221174057,33.87296628458343,37.201871083877634,34.081771727592,36.77089347421399,31.95175398798658,39.385524501517615,37.04221482231101,34.473528645055715,36.12446259183331,29.025522025454233,38.63965163893217,33.13922634970669,33.895999642277424,30.154062097913776,31.972710773561584,38.36965313854836,30.72915163307722,34.07237778826037,38.035929522347224,32.863763728523836,34.634068684788566,40.188500820317834,32.69998839520181,38.99890543993651,39.23699586139794,36.78056726429863,39.4899908257514,39.39598985951231,32.37060605494808,38.40312908320849,34.83108455103125,29.740279160990987,36.632836018001264,37.50269934672758,38.446753623638905,37.737427209226624,41.139261977990465,31.40092455703683,33.24064875090441,32.83559671912923,41.19855803168539,33.892119999458636,33.955520899580335,29.001799377360054,36.79665121819666,40.08665431951842,30.025398585202378,36.66226924550701,33.79291403293437,34.433099816152854,34.850119504516634,35.34098659918212,36.82191672749396,34.87806127393517,33.90752963827426,33.83310557054712,35.63691791409279,32.72133115247252,34.667132191553414,36.91633246398711,39.090698592086866,39.19821858017535,38.29348061503574,35.17406578592761,33840.539750063595
12,29.16225353365512,30.243836723630388,33.340571765635026,31.029075647076723,28.74425297423079,31.97114124245086,38.524339845793904,26.152467177211776,28.72708285275737,35.757199375389206,35.48764125420021,33.32737069259431,29.038240465327863,32.41005894795626,37.779732902906844,34.07111223170403,34.161063217108804,33.27139311230938,34.11552025962426,30.170595333187144,28.9443087564807,29.83078307755873,27.48094780315093,33.51167193396663,33.68895719414478,34.66133741619071,28.429189229053883,33.52226210131639,34.42833724625308,28.325508392686622,31.652206359709187,32.26805738586374,36.1059742042819,35.97599952928515,27.42744784623048,34.21595260561691,38.65661505562859,34.7868107789286,37.807982140417934,29.039477941953855,33.44951875307356,31.88607376110458,27.168637456213027,38.32006782114375,32.76811697657587,40.72249014512452,32.48095411042252,38.72862142757231,28.212161155669122,34.86255499399035,34.891973386086896,38.36646860795406,35.362902286385896,40.19768174843625,36.754038925997385,37.921885148918875,35.31133635749663,34.93406214286104,36.22737987466802,32.93689861391648,31.32829754763957,32.83240377096683,38.28345350586519,36.24969220866218,38.352772164488286,33.099629024905866,35.99399798901804,36.32445901462054,37.20200106750677,36.63415832021536,36.14948697755001,35.39982223347812,34.59677706611696,38.27878300241421,38.28642736220693,41.18289230918417,39.04887401200669,38.14236010851757,37.442272849150854,37.13145377824011,36.74918744286549,30.011712091126196,40.09688482576723,30.682508394246373,36.17889344934665,38.403489311532155,37.203728269332075,34.09862136992443,36.98701452052544,35.938489307588576,36.37839792294858,38.63582153041489,36.33403204671578,35.205259224523516,36.21604157748951,29.37554855800088,24.825655638505044,34.50810929266006,36.33222701552779,33.76011752659899,34296.30353875474
13,32.88016555387336,32.77290130896837,24.820052356846894,27.583703048233094,29.971709565642595,,,,,,,,,,,,,,,,,,,,,,,,,,,,,,,,,,,,,,,,,,,,,,,,,,,,,,,,,,,,,,,,,,,,,,,,,,,,,,,,,,,,,,,,,,,,,,,,36192.16576873495
14,24.508392316751547,21.547993983983243,27.775601250574407,26.004371771252398,28.732377189748416,31.60906455179503,32.279662781123136,33.40686465285832,34.605406829775575,31.955062208431617,26.269839495965762,32.90810714477163,31.726190553168585,31.087160454200045,36.88823279829402,34.254526997488966,36.31277356318714,28.85392735656822,30.91268045177547,39.1373789450184,23.296748221004044,32.28287752452894,35.21089790307315,35.58026732709395,27.856363329010556,36.021713309399175,29.562904336364674,34.97789140950038,41.256512708425724,27.332084846154913,33.60740994346464,29.660884621053686,35.720699660905744,36.8082568602399,32.48042468086892,35.09241816516518,32.94467062881281,34.101419639008476,35.26058457414103,34.168630205080284,30.214626203870154,37.43702301958234,30.7740570389322,41.01845938588819,35.8803052877726,32.674588761922244,36.74440536355024,35.98565118897195,36.71631500157167,34.988481273781545,37.48603233549105,34.1589887465728,34.37964895953144,34.966796307216825,34.37311822000826,38.35529634549497,38.84150099871179,32.69263594892393,36.67447951045523,35.57472776744662,36.5977757783795,35.49776982398089,34.73880836823297,38.01424655087459,26.692314656472956,40.12033773791914,36.580571600437665,34.826976943179034,36.82469252893412,35.20278406998053,34.18999927559228,38.659462804021004,35.053475538550074,36.8294990973955,29.202592304081794,38.64408059218472,36.01799958014608,34.45799798510485,35.589114641078126,35.50843127624614,34.28176784718357,35.106476481177005,34.06632819607601,34.494329503338676,35.44787183919023,30.785927841328373,37.311187308637855,33.87476241825955,39.087655887958626,41.21222436609314,35.07912374239206,36.757011911723865,34.57208195993629,35.01552047933774,36.96848173642179,35.55675743698064,37.96999361079331,37.54196687243528,33.29634024822169,37.56235879298915,34191.73512488991
15,35.916953313117276,32.973472048142966,33.06620156979095,30.25648259404635,31.98177916080731,31.197579433806368,29.845803340665327,32.93963190947625,35.93541945095131,35.52096162147317,28.96083239423357,30.26734568345073,32.56711587677428,32.535782559507744,31.924431464747293,33.82099184458193,36.02833458765757,36.34642098325578,32.06256153788611,30.372049274266338,36.7829988947386,36.97260340541447,37.934536801579256,36.39764222572024,29.800896635771892,34.059722711829025,34.15094382497171,29.634381855241543,37.32015484301568,35.84624230186297,28.78945716619186,36.51503289969074,30.960006963953866,38.38103878864604,37.53481786679214,36.581958158924344,35.94337959671119,32.639983624325126,34.380470438146574,34.18254756286329,33.72406858235424,35.62672431729095,39.66169849574626,35.96176283674604,38.903953828337556,34.9625915337442,38.94688776243872,32.03169913400283,39.33623014414129,41.16358528056644,37.86116233032395,37.00477911472166,37.224497181755495,39.079080767308184,31.83421525660479,33.04791717129043,33.483432037857185,24.595079724239305,29.09429492535463,38.16209850813965,36.69174980061687,39.189169186911556,31.348572773919148,37.443744730738274,38.332691005447224,34.418042911659896,37.053028962094245,37.01230339577886,39.35556628038165,40.659983132371146,35.869106492366555,39.073395843331205,36.94412425583332,40.64766602948525,38.39699655293305,33.98468058572355,39.01773064862441,36.89419032557216,34.67733189745375,35.42928971351531,32.63794720684625,38.6784919222347,39.16810008606096,33.539882492560466,35.038546148756744,40.99215369416434,36.40233668856678,37.052772519974795,36.62043240655311,37.8143690367689,32.704400538832566,32.5385297577237,35.899509124076715,35.9239534168041,37.92553402159176,39.364983409836626,38.06681402590973,32.96683431872715,35.98528808128579,34.98263442827063,35277.776039982964
16,34.34615660795663,32.4966877111778,28.189449603256314,32.27394326641226,29.409283281726935,30.349570350883386,28.92552727582865,31.724418478310817,34.421742361385924,33.53050671237755,33.85230363972936,27.81502455530768,27.055562833204164,35.242787991027,39.10628071620145,36.02087118083769,34.39735921642742,37.318983359735526,34.50983796238063,32.056612913593824,27.265074456855437,32.067978946659665,37.7213391866383,34.88721991084842,36.98029987818724,32.983616987078676,31.492830071952778,25.562593467579507,33.0246192713399,32.182242892805014,36.03823028080035,32.077324163890644,39.415745031688935,35.70797250694589,39.34111114815702,37.31018361338133,35.53371448883151,34.47013118231517,32.49698723281338,37.207719143430054,40.771623970286875,36.944497937340174,35.207783231911044,30.855343798338954,40.031830666854844,32.659404419757905,36.811490431591075,39.20249932857409,36.00366126234296,37.56317873503241,40.76783229581754,36.141657823260154,38.02305657507583,37.967114111607096,38.74431883532795,37.10900655078352,37.77731173728654,34.122330122404314,35.93684925968883,36.51816617768141,36.98992753487711,36.53554134045602,32.72470430517307,38.548264582688034,36.457579495111254,41.00293021734401,40.957235521643405,35.143676760454895,37.713231370661774,38.835276408081164,40.73436518472945,33.69466169840348,38.639475620449176,34.9041096697605,39.48114270111822,33.501247851640834,37.36599286862988,38.65334227606529,38.084982385858595,38.72599952558287,40.94769091501807,34.230087493217596,39.09078943703944,38.07693657761945,34.423930618350255,36.5228039054987,34.27995925128221,40.70329063154732,37.16920291707745,36.37064472146871,38.40652645915198,36.43360115793509,28.582835227366502,34.034053012318864,34.85409723362541,36.211701174481334,34.06206629696857,39.246717302754995,35.74589139277661,34.593815926002875,35486.491301211536
17,30.11311926880391,32.095071115170256,34.18854775293378,26.77973874012948,35.57462302424914,35.86283502460675,35.90243363357904,27.038007684906756,33.09629347160495,33.767608958978656,32.18700347783057,35.230530341876445,30.227031180723507,38.496562124992636,36.164087359721954,39.34202207010135,25.362789696833477,33.73219572675546,31.143721686051425,34.90486214825485,34.81400387312711,33.565177016441375,35.129473326458154,34.537837042503135,37.84479171537821,33.64082432923095,36.65508129852377,36.329971668057006,39.7533306377504,35.15010892956739,34.158198042221386,38.283939600230255,36.617039982943616,36.18300663424911,31.70564511235893,36.952016924058995,35.315430534697256,36.95031173308271,38.674827273034886,33.85113341719543,35.35168558319519,36.578622146297235,29.856077810578153,31.71199529056134,34.81251267796529,38.98068958088497,37.33952525727241,33.49511087082858,38.8612810877494,34.79983241049588,38.88716011048396,36.010464748571444,37.3803440229952,34.95208244465857,35.581086651998,36.26870365532332,35.15535515152025,35.895634508614144,38.4236563478953,35.90388905303956,34.77714692428701,36.910681581848316,35.98141780843601,40.94867110925129,27.353484290965138,38.734266361971876,36.71075598054212,35.684822875647065,32.23427155955197,38.17208390658128,33.06376628784181,38.950944482517556,41.354255293587265,38.34663248526225,35.25511330136068,34.07311331513444,29.582339113220154,39.04203463971525,39.64290808709899,40.97721661439427,40.816747873496084,38.94454922271507,41.197534150901355,33.780517116366504,39.010053837257985,35.1849891513664,36.924417356444756,37.97503863896229,35.4121406147219,39.00018137003006,34.70400671551198,41.046496925653535,41.328647437524296,38.35127875685147,37.525155026166416,34.53795638242637,40.58015595878233,36.54215381005506,38.40602179064589,38.827003293456336,35814.57914438694
18,33.435971514344864,26.398733617699673,31.357583623157456,27.415228441288114,28.561119106077854,27.125550859724918,26.008344105530547,28.71740681610214,34.37103469459112,32.64822529954837,32.7909760618401,38.007461926489306,34.46919050563321,31.556367996332757,27.64553819812346,30.597969784117048,34.25940178441386,29.092760554591628,36.23289993944923,31.452306776864212,33.128550031136115,27.926195312283276,30.52972565638338,37.2878207701864,29.89239491725209,34.073702410409865,34.99457636954844,35.277900794332076,31.346346365251385,34.68318668243687,35.90231770066852,33.374341845736524,36.539309504097275,38.91623901306811,35.88234443977767,32.05455671978153,29.6196875710322,31.205758818954347,34.405209252797746,34.813734860012985,28.02490004912475,36.61773799323008,36.45834578836377,35.20599392798454,31.540233521853956,35.43599764279772,33.99922314383101,33.40856393217352,37.52647392631803,34.378523184267195,32.941500446114084,31.864495981306142,36.701234387090736,33.66265272568304,33.853591207504415,37.54531286118506,35.69771000896027,34.0881534232627,30.357357971461163,35.70182478137091,38.97632062577865,34.58413263372804,36.72322293213897,38.522344126810914,30.97002883329437,40.51757204233054,31.39334374588511,33.03424440419273,34.62198202134325,34.45425549304215,40.494828931138365,28.167692015403333,36.47489232199911,38.308139864832604,38.695614316560956,36.455068239272336,36.82196314619292,28.228496328944765,34.826763004634856,33.944513261221076,27.761717154586517,35.871768758040524,36.3730166434335,34.19391163735965,35.980421540011164,37.87897463103231,34.60756478885658,33.68128240285529,40.51255430517972,36.58184466904547,35.758483089448916,37.534985410329696,40.44251074628232,40.33638722908845,35.306025994180494,36.23436738674658,33.982113503615096,38.525747735348844,38.27518488245947,40.560590275701045,34156.22668617296
19,29.340135851441534,22.35488389469872,26.745298868357327,31.037432020420262,28.693122992291638,35.47125461960671,33.423521640253796,30.029489703653088,23.68655366258879,37.23138648642643,32.34997567932165,29.350631971605402,32.22279055352961,31.58661501673321,34.67527193452558,32.94957965312689,33.291230719396665,34.776551878787714,31.201621515945327,38.45190190054333,30.550841944374934,36.22732535217982,31.450312837050195,35.067627228108385,32.528359876386745,37.60366211149081,36.44055915775852,39.379275329294,38.464259781622395,31.59670629221596,33.853846627218395,31.221035124774357,37.590217563346286,36.43303224694431,33.86454908642864,39.76272753296538,34.720073714358435,38.495449427521905,37.93052517866201,34.136011276351624,34.80517700182449,39.195338720882134,36.18922988554579,36.77326677623918,34.31048573300483,35.14185015839466,39.09848092172443,39.088350982090354,39.3320436903046,36.25871393580679,38.242322546978116,41.61658867941228,32.31128705919879,31.111340787105274,38.00556281193864,30.99660586095957,36.26350404482416,31.101624209248875,34.12491609186636,37.55705553389062,38.79477204920774,31.602073563656585,35.71638653306627,36.49386769042131,37.65646651919044,34.34145862776444,36.688676125812,39.82320176110893,39.013572198777524,35.797769905109774,34.12345217096464,37.95355158258245,39.7705282919753,39.96829157713138,32.77763673442551,39.88873580649603,35.973831256784955,37.69279552859084,37.60461856120438,32.20541839406059,38.747426499502936,32.91771283370942,37.5170929608969,36.880576762257434,35.11391866318587,37.657321092777806,38.51608156993742,39.21622322257873,35.72064921530024,36.765510465354666,41.29538238636214,37.31826765668917,40.41044899766822,34.81791749315981,34.920549678691394,35.997833733723816,37.480563869651746,34.949295176141256,38.95554443174601,39.44744566394659,35362.42260935159
20,24.676870740127274,32.38066000916732,31.175200704140146,29.58138771389459,28.340648816865205,28.993064771178258,31.005980787588708,30.64905129097996,32.81992580270283,26.590050278628457,31.641598541097785,40.069345982392726,32.18228950798793,31.171682309786924,29.205518552697207,33.93164887984854,34.692213290614994,31.49091961227483,35.185880235324916,30.632694157815887,33.07003606232098,34.41625999848178,29.069250114281136,32.35659210247177,40.12672949617449,27.67092172173368,34.13571556824583,31.75910434565892,34.46859453428917,35.26063370187174,33.160796528725896,33.63814680629709,31.567382950771396,34.65950391659455,38.25391379480968,34.31635171300849,33.00352926948646,35.6360061938701,36.7709389931871,36.472881175696,37.202629953985095,37.77047452159282,35.64253714370433,38.11145336285394,38.77257469932736,35.47494729101071,35.00090350404271,34.111853699796754,35.56479150512213,32.423414176041796,39.91520834053731,29.301704234894224,38.28069953542787,33.70850974576312,33.43376430033929,38.95353834061226,38.69023081255043,35.865116734582486,38.76033072514126,36.21811093933552,39.78686051308423,29.897572144781897,40.34701779285619,34.84550756509334,36.72579386765598,34.82422165736294,38.42146170598214,38.355292966338155,36.91563864382097,36.59290759832894,33.82690624614169,35.861764550378325,34.10068494610641,38.14785479928587,33.66072217974562,36.29108297722663,32.97635961726625,38.54338953127412,33.167237249412686,33.850550556378025,35.73796891677176,37.08657783139635,38.576827522426946,34.70687616756503,36.94523717998673,34.184204122806285,34.88731899688496,38.769116979071306,36.37114033645395,38.54765507561856,36.71060201766763,33.14015365225438,36.20197200440056,35.33814510193325,35.98414331571998,36.94896563708871,31.662076672385503,38.560242228960384,37.321851349064445,40.16487564417666,34744.17492400906
21,20.306707206533588,31.9767433698721,28.86822129348709,32.61221966497463,25.662081818296066,35.77158729203604,32.66828671434733,29.028718781718016,30.47001950297078,29.026258941187763,26.96508709347533,33.97370281892101,38.32806898156009,34.67859288401543,36.721860840547684,32.398796913755234,36.63579377474424,32.28759085492518,28.556629457135593,34.41476726284594,36.0407166611775,26.19511358339197,24.408813078155255,35.32838894645427,33.20811874153118,32.88488765567216,35.89111108112793,36.521699363278515,34.53322716352721,33.49963801070202,36.184636169088925,37.572739613960735,30.777908914477745,25.95449967793848,35.62940537157874,37.2928315416121,33.863294110417996,33.277091574741554,32.270241811085654,36.17783637344184,33.25712259619406,27.694401679808937,36.87709812700037,30.974659044683612,37.236761388575054,33.352837440014646,35.62786232271808,31.766853808371355,34.28642937034685,34.84738310168531,34.46082992372735,32.19306134093421,38.50733667877474,35.75511657106099,30.341844284298894,38.44084894831822,36.56465201017293,32.909622605584865,35.18177472518581,37.059520005677925,32.30551905473461,37.38581365238811,33.61232778890326,35.70231785470971,36.713747795677214,30.597814179473836,33.365525623334904,36.00468496870171,38.33646403840746,36.86273968522736,39.06094372078775,33.88418950176979,38.72956938804309,32.972097649747866,32.430813227145585,34.98375947796417,34.69866613288493,34.707133562623426,34.98744056544397,36.55563186404167,30.486558766078304,33.89865023221652,40.213285497836615,35.31127468589928,36.02234823659747,33.136473722600456,34.22915702499362,34.95520134081032,35.860459350175006,32.211331361177166,38.601976016771346,38.16945190665033,33.63976100239329,38.487108726463774,40.588410548913636,36.11123308990403,36.12502248967722,38.442744682932315,35.68270729090652,40.02510175704833,34122.954083459015
22,30.104036796202287,32.25369955938802,31.03388340447932,39.11044920056285,36.78580056809211,28.237662890557214,33.32527396404263,30.057490001852877,29.268965983629755,26.07460106650918,35.16021449450501,35.51805814941641,37.979149278269716,30.476873812762744,34.10729545956199,29.207687136293213,30.00211570441902,34.99773661330642,31.779601798692077,31.318689484620894,41.221983237034905,31.745558564128988,32.405694924617634,34.87673341861493,30.325444201285155,31.562725568606016,36.94738690663678,31.904228997131803,31.712497724516652,35.76549631882996,36.39677813589206,36.802157246124295,36.94514506901869,31.63227865034803,35.19664495146021,39.27518843618517,29.73646778384933,29.07094811249764,39.93196455423384,30.417734754856205,27.620860492379524,38.73258519608851,39.15188495209181,37.96541023733215,41.33429948785515,39.45059136276201,34.88625531971112,36.969128039916804,38.91791166380028,36.76252222522869,31.930674332784577,39.056004641833326,40.855955869467245,31.61856232614597,36.774330139202995,28.469763923771904,36.649828881763426,32.8888380473105,35.35314254111046,35.636081660337275,34.243012989474735,34.96772306555889,31.21987340266535,36.29069734223393,34.42227020264706,33.58237731190617,38.8380809019139,33.8919398522365,39.068892054300576,31.793266846284702,31.80979487307301,32.67979507456581,36.532434295618565,37.39843064434823,36.90284089193341,41.02086831809511,37.14235533647142,31.085495693075096,38.67516872455169,36.917936131813875,37.407314015262,27.778492322114676,35.37647906026467,31.22637049622467,28.676977381777,35.38416727454536,37.97881509272727,38.57446246698132,38.17219281990176,30.086340304065242,40.66868068161716,36.91626112562197,32.06051227795086,35.75712290983803,39.519828829615236,41.35070857932192,40.89047811555547,41.27655557204571,31.228387297111784,33.67244363873906,34741.82818477975
23,30.30010552357743,33.081066303962515,29.776197558298794,30.257169974847393,27.541228630874834,24.51015380758276,34.62077132409153,25.904409978694662,33.970576094808635,33.02506134690217,32.6719870894165,37.19718565620879,35.17511760714462,36.14813139152093,35.6221243480414,31.17844773470052,30.16402810134671,32.65241769368501,33.993677201427104,37.12149464040258,29.85427100753676,35.147744333786754,36.97314104963433,33.13839458637544,30.995863584772103,35.210640395464694,33.98394276553736,34.47542861406552,39.311167458888264,31.543157179328045,31.79527874211893,32.67278837529161,39.14329119217898,36.119658295466174,35.24137815222121,34.140161799500774,30.10653373662914,34.98443736620199,38.59131068572162,29.44731110794885,34.71901982722995,37.86571604298191,34.66950739734542,27.798429562312812,30.543930122732867,30.38807794010583,37.408444668853676,34.07595081359621,31.71119629069762,37.32957051749173,30.87818013238559,37.675106719302356,41.031511619279016,36.29151915489949,38.39859473621874,34.04073410370074,39.07251491222662,31.144447692025246,41.047687900452864,35.030880980737,38.62635098717148,41.3988310322859,39.4098039321123,30.94585603739754,35.47451432992701,37.44200279622571,41.158964387147535,32.5410629048993,35.935621569404894,40.20265833469041,35.81467363332903,37.03399291714328,31.659882423643854,36.79182475981404,39.37499589251481,33.291963479497824,35.40537805353621,39.08413015023009,34.9375619060027,40.94974052489488,40.91878235842587,34.78739974514955,41.37436766625283,35.507405045734274,38.363638974311286,41.33666469369532,39.291544733119224,39.055912674045885,39.6624756603807,40.23192012422486,34.556748836448605,35.29664322501932,34.332536372963716,35.36417018943492,37.02787882021211,36.564125851454186,39.27419135093883,34.678329953992964,35.73011017592129,38.574968645886955,35183.178987202606
24,32.13557527567572,27.082448408238083,28.551727832428902,34.1748396652461,32.755659920321484,33.3158683337315,30.33571609621472,31.492141883820082,35.733738111672196,29.16011102080347,34.991554509284725,32.02842287844189,45.528784838067885,41.56592739596805,41.96317847274242,32.14912090156325,40.43759775651611,33.64052278315905,38.32545199730833,36.85970742484465,35.682720129839105,32.614560508424766,32.44207921526012,39.3919167437202,43.02456312884598,36.909595105387616,37.39129715623525,43.12681025124674,43.806692181488565,42.36257076566259,42.663951572838364,33.73362571880949,37.43454362109149,39.79230022404769,43.15778517536134,45.5870304093817,45.71166380539338,37.57318727675758,39.0015793861439,43.270873351275974,36.89485242515181,38.43040204609166,35.826148791493175,42.441559393089086,41.35108788680421,39.98069840231712,40.29041466404517,40.855049674184784,38.38940505590946,43.25545369707246,44.295570462987904,39.515525142312995,41.38441629977055,35.09623381059295,36.323594904254065,39.67353027070764,45.84702966568956,41.70176675044825,45.22132086114162,44.648287568138386,38.26692737579804,36.48976548053079,40.45721135841796,38.54250129703368,43.2924396006778,42.38364700832946,41.820303747902614,39.633136968688504,43.52439447280249,45.405154811139056,41.383652979884914,40.6483157535604,39.925981341168345,38.94617880128442,38.72608407919248,37.427293677681924,41.67618185476517,42.56922993569338,40.09341106283777,42.65078569492118,39.48394394558022,40.08127554586434,42.41890576291826,45.53326069191482,39.485137743022655,45.155159034722,42.6533974506699,43.11125104836751,40.92344044706485,41.698857111244166,39.402054070519654,39.62735489482199,39.86265739356512,45.462114280244954,45.15915128955294,43.16212814821842,43.87208891463735,41.633834953727096,45.22018852006477,38.47222416247611,35746.197556554645
25,26.494701757322638,26.51529652854564,34.203202802500705,30.801732664660157,32.88801551899927,31.21252449475754,21.163828807809494,31.744385325667235,36.98518982909645,26.55608409365302,32.85934344077185,27.873856075569325,38.97661281400018,35.294852525445535,34.72516993253724,38.21218223610073,30.062694597316987,35.8140386921079,39.2057642696119,33.76500765629187,30.297286984522476,32.90151474293513,35.49290834953401,38.41671372989832,34.645036295808396,33.24415027165239,33.734834425685754,39.57627567244843,36.1337519245183,32.82395425922539,41.214867407211344,29.070891697078444,33.55725381475579,31.3911812517888,29.973916133718575,39.057536761351784,30.575245116889125,39.59520593375979,40.390666042804845,34.48971696037633,35.77248451308931,39.01970731072528,35.102276048594334,36.253904272172896,33.87785569129828,28.353055823104775,39.061036047582434,33.58902762563553,36.277243709539036,39.159230254720114,39.68914641497024,38.235842426031965,35.84683319474598,41.21497075965776,34.52426837590478,41.35078844945779,39.21710466906247,34.50313349543912,37.254659364696174,37.54155825758339,38.75511852231727,39.15853668114172,37.861654891508124,30.32298501519845,37.34789032913354,38.73140783479514,33.91102460019957,34.09405804912291,36.89272613293407,37.21767248877902,39.029017206248305,40.94293231913739,30.347687823058816,35.64255569275927,33.84395387673632,32.350270316160845,31.67389425010912,32.742188508273635,33.00490136190545,32.710252178895324,34.0908816751736,30.814993359270186,39.35568319822168,35.55915187663803,36.89577447544893,37.48265583664528,39.18783135490698,36.6890106655861,38.40841284951212,32.948087892221295,34.7328255124379,39.60805401571646,40.79648822974286,38.99444256998631,34.35289768903077,40.49263730111424,38.49876275536933,35.71981184581792,36.9540317627725,37.32007528200745,35232.64756768775
26,30.48677911952624,29.255372390408752,28.067240232856772,29.34515535948202,25.888540480684263,25.53010639979248,36.05769500845684,29.003621131310204,26.553760751444024,35.94527725411826,31.256894024395354,29.838873048131624,33.0532576001257,32.788620077576184,32.97628170296497,29.417536639016117,34.12681776429086,29.29422919793721,30.155509304162614,31.203552521990485,34.29909565576997,35.301480033933046,32.00781255637635,28.9762758141448,36.17787664489947,31.52382804968453,37.94817793311417,35.97858678077104,34.78778469825521,31.983171789379902,36.79905729968321,31.30103700210043,30.79176539809784,34.28237964658601,27.716922200368508,39.454643015056455,33.104278452309316,38.87392934784408,35.83153071767989,31.086461370265557,34.28258281574941,38.705098900312144,35.071102338906506,30.345696032194788,31.097907904173418,29.99992610158723,40.165153549093795,32.2556891901732,38.14709903918199,35.08383289998957,37.09520423031724,30.991256699120107,35.55376770070335,34.38035849294518,32.70906879074406,38.37619245408115,29.115990590482692,35.84440695947783,33.78292991500441,35.814147928179715,38.73821631432621,39.182161552437904,33.09296896404931,39.57725286894534,39.26360821948865,34.88006822221489,37.98436419302574,39.4645776994101,28.189393504001735,34.831508956685504,36.33160690914902,36.501935680691496,34.998641439137444,33.48625379709409,38.48412994166906,38.4019082060398,33.862115412130755,31.330244003912675,33.95921662606283,38.773725704176385,29.920439163806996,36.7244232848556,34.201780828054005,36.14276001558871,35.40741124469697,41.18580890588059,36.574883172541455,39.69187052774312,38.50303932305231,33.902940733583726,40.775260364538006,37.22760594154725,32.76098687753024,38.477364843417675,27.409436919505765,35.41419796975231,40.69050229990489,40.804270860844234,39.235525877401244,32.13267365084299,34258.05707967146
27,26.30316663158435,27.238907072379817,29.771603244378042,26.804207521119686,30.751991785404726,24.460339070601773,36.164146526986684,28.854694575272028,29.981161838910282,25.61726144536659,34.76973629674692,32.91010444755467,36.41045850942746,38.12862865156074,33.361633714087624,35.012540543556,30.546313888591936,36.540141001496636,35.97147027084631,33.20643602013629,34.86287923711985,31.917307609878513,32.949275424427825,29.95722043991965,33.20227100826195,30.67093300076312,34.54425948748584,33.721674503991785,36.118160309167635,34.63185829008377,36.46728937588186,34.523679467329096,33.990632239312255,31.51714048197075,28.578758267393898,36.40099481981457,31.672162103434154,37.061724759659775,38.691474690350034,34.29952764796688,38.734531559189506,34.04294374363062,30.434786074715113,33.64386914926003,35.03369526591109,39.00214256481869,33.592589737913144,37.96109781309746,34.15234638039014,35.7593242572446,32.18770728741252,38.917280025366665,28.859319877506266,36.589690094469596,37.34844597397836,34.04073914504742,32.54275616266624,36.246620950328975,41.35943609306882,34.0026153562344,39.72219754195447,38.389814718405646,33.11190095024026,33.21302581304889,32.98063268897306,34.670367532140176,34.43517761001747,36.11538437184652,37.25489249627789,34.49048472152517,38.58874922290979,38.94893276894717,39.69404068965874,37.97211282868957,36.665623252123716,36.91576134586497,40.0797165500501,36.65520992784629,38.754251244932604,39.34857857156287,35.977303940799914,31.4960349772909,34.84104487165799,34.406578163669884,35.8387867567224,32.52301894252753,38.22976533670169,36.66973436891698,34.293412122366945,37.00037863577152,32.92448844240364,36.56656872749714,34.38592520316168,34.530330676380075,32.89461063524645,39.891328184375276,37.57078109245985,39.605969723870224,35.07256649301367,34.21187847581465,34599.73464350135
28,28.54276814054321,27.46956287287975,24.62032910399215,28.277650756706986,26.721815400876643,24.623239641596513,27.019065920417937,36.49508761613275,35.514269060779775,27.77973140270682,31.72182168440181,30.55333352291492,36.46236074665249,31.610325532856205,32.118595035672506,29.286862332897737,29.83528611767084,33.31393691844458,34.532868178361355,26.416000550675346,29.527111040491786,38.71262935612012,36.5176974776856,38.1919318786111,30.838572150430288,36.00967518298752,35.72158349302058,32.63966048968877,30.17747458487354,34.96158012710409,29.80533980845206,27.15585958842372,34.454896533256196,36.44282103255664,33.52854250837809,37.66727657956774,36.24560308220203,32.00167015771076,36.168161196897714,33.345325300038525,32.03514574243367,31.787683029523617,38.2520401974594,30.617130829376272,38.91814053564011,36.52304682942007,27.71112509959655,32.70969512431794,38.18451780503135,32.65192611118713,34.23761731495638,38.52072485085533,38.5263614779743,34.245762251684184,40.7757606056829,36.22057165573455,28.740632081648563,36.47208613566695,29.798892962819245,33.82065605807061,39.28332052220671,34.69724202843814,31.638338938675236,31.20804496448842,33.88135183366003,39.239361786233324,28.340782623079228,38.716823334124555,37.305944707559014,39.54796932926772,36.35916480999831,35.19427598499926,38.17973387542156,39.44721288028431,38.6069946922708,37.101820414572614,36.30366023643599,33.09047697713517,35.56489401210583,36.0752086637509,35.14948894228911,41.22373451431749,33.30905645160217,38.869251063387445,35.00017963118321,38.64531233268724,33.33994828450956,33.83369981484443,34.89167168561117,41.17815751970547,38.956705614864326,38.24586216271577,38.69259160627869,41.27492260260901,32.27700583532332,38.80700378618799,36.218164522449385,38.62479549910849,33.54497732458067,33.875442073652025,34295.1843268737
29,35.43451514561494,23.25894302978607,28.483283624589404,38.32249335118432,30.80997522510977,26.943311227737023,29.74751091597789,33.82092790864869,30.14064349589712,28.737510976651095,28.68567387678372,29.864729782535317,28.99438797040804,35.0482787481384,27.67366618106326,33.74721147017746,26.169113406886925,37.43644670164158,36.47825371298808,26.43662548930248,32.76254836493946,38.10919104245795,37.7901419967031,34.476104389892505,31.24542709736869,38.539933277236464,34.26316510687426,37.05462384906637,26.034331411274035,34.57071724632691,31.29443132478727,33.457588161278466,37.27809740665926,32.9785643798572,28.268373682364945,31.384434668587225,30.153406154389216,40.536664454775675,30.9422375389647,37.68463064292111,32.25877219091294,38.542309321416724,39.40591220848939,30.867088525492868,35.77615690304365,37.01855707432183,33.8872372920426,36.91109574900641,31.90276894791798,33.88222486638314,40.60221188606172,40.375774540749966,36.69700957281166,35.28097293485979,31.533559686955222,40.17103272938566,37.256830916648184,37.19579227201104,40.24718383263655,26.031777405204537,38.79312212215101,40.24476327018476,30.935591167788385,38.14956743616277,34.671529163461734,32.88759396386213,40.02560565482677,40.48616063753466,38.04306204096362,38.41532224276796,30.840091996545333,38.93489886152899,36.711306396470846,34.508046688008605,38.56119111547215,33.83812852471863,35.558872860319504,36.65277616675602,39.97240671192867,39.534071422458815,35.8291109273197,38.493569667042415,38.087665770125355,35.68031534694669,33.86442302643657,40.678062375611944,34.563579047111126,36.016735532972895,33.17068598783423,34.26230259730505,39.46728106651913,36.14479234997509,32.689824890691476,38.93331323200982,39.28894216082582,40.4420338715679,39.85467117827561,36.14760976695163,38.60070312157715,40.771925277126456,34916.54038932336
30,33.45080405079284,29.320982311354026,28.88372393689273,30.048734976732497,27.848184894667327,29.019436116139065,35.709681855535166,36.45061745227104,28.534086059284423,29.65301999768163,40.110061326025274,37.20084796064489,39.16996106089424,42.78573149218976,41.47558609412392,32.82253294374977,34.267058317405436,29.808723611162666,45.510082440805135,32.49930293549364,37.46834740210995,32.10705337299308,26.38780404189059,35.68271913042233,42.18703051445226,34.61923756212563,33.90436168654267,42.026203759854546,34.07957967396846,43.6555360747419,35.628121154187646,33.3369170957016,39.59569096624706,33.146562081231814,31.03190855177411,39.25558643441794,34.85979384757471,36.32602337476691,41.40850252951303,38.13510979617762,40.57075343928376,36.01894480354485,33.975669307522544,44.17088633178201,44.17166473832736,42.57390342656458,33.10887596429911,42.977762154799606,32.1026158704783,38.77146870002937,31.76758056433319,39.23123040060597,45.28412679662738,36.39712995775972,35.99621907010999,36.27143680166158,37.144526777520014,40.32719738491274,40.525519352156216,37.550709606984114,35.29381428734421,40.7996350562772,39.5966860231561,38.275893892468645,38.73698296753251,38.23612389463012,38.45289140458023,37.130425553587074,36.075360247818054,43.6916325330938,41.1416693169067,43.50341252505978,45.871799804240254,43.23137362392629,43.15787658729861,36.225872240826874,39.48786804846194,43.337120750190174,39.99861246825097,42.075634006096074,45.00195471181137,33.2151467303147,37.5272346661181,45.38769885546693,38.2022762048102,41.23961271950876,40.68236054402804,37.74414935871591,35.80555164199139,35.528003892109545,39.77798750725247,42.69574854367823,38.03964336084842,43.346553290102946,41.20409987726685,40.037328111783026,42.84514765781632,42.53052836720857,42.835671057036734,38.42288950374606,34212.21010967526
31,27.23164240165995,29.705310820401188,33.01405582596946,29.66135975094078,29.678621359758797,30.667338016020757,28.957471753457263,38.15772606883382,32.21457498882196,36.72340364817861,32.66918854605869,32.03754457498864,38.80958108033603,35.063879094350895,29.638485351656982,39.964298798645686,39.5101015251988,39.156736662448694,31.57799106101521,33.28625152341909,32.24268618873468,40.31773507629651,28.80346723331229,31.157539468475637,32.03182159267148,34.02569397340973,34.74101127031107,40.92096293987542,31.57953093703231,38.618279033968186,29.062373303917884,31.351936364866344,33.6362161475101,36.738567467336324,36.00240752889704,34.75586544697609,31.805940200243242,31.91974149147677,29.90185584942704,28.87177287474562,33.79311129952218,35.356773648260855,31.745586399936492,34.439811692029004,37.47886073601562,37.92189930591153,36.76652061472175,38.01760138853973,31.21508732575806,36.58311756853544,33.58955582105808,34.01210915147594,33.05028623394761,31.438065573219422,36.39897049651658,38.32264360026194,30.227457260335267,39.25767271152455,36.074808267071525,36.13969305678006,34.385371015160466,35.00967847316042,37.470320255870654,40.96421806344383,37.63571641331068,34.44108594732899,34.30156901247616,40.49848464346237,33.681971385308216,35.572992003250576,33.72048123715807,36.08630032657055,33.060141193323936,35.917000184438564,31.02079487548383,36.88275425785656,35.570793008765555,39.34241094028128,33.35722750980309,35.18905776735609,36.77802855527934,40.71803711490584,38.292671560995856,39.2766073110216,33.66649396761549,34.747503802286815,37.54540713208583,35.94170445194542,36.310991673208626,39.42811533023007,41.31264637835939,38.354402776808186,40.88512203448413,39.084529210627764,33.05582461713741,38.89863061644148,39.65902136490936,33.823858760269296,29.131770717964105,37.2683090879508,34963.28644371404
32,32.20524185580613,32.07124677923384,27.389377259977557,38.4131383865771,28.07093530292817,31.747025435746185,29.77727516897503,35.526019892078494,31.63006721194987,32.13490118203256,35.52510540166296,40.9199123256829,25.941558190248696,34.847965941958655,37.56875360087862,31.82528163851257,33.129812478950775,31.52186528502802,35.64932177511359,33.3304348289498,31.267278105389,31.346800661549175,33.98706963583514,38.277903362527226,38.34203675295327,34.45363708635021,31.851513791240983,32.23290802639885,34.882782945391696,38.8406160922341,40.740314360923676,37.589986908323155,38.64506181325657,38.619555377795805,34.69616502233778,35.26496996920002,33.31196901812381,33.030911489036015,32.269505343575744,32.01889818429008,33.89399412276553,34.2647254869556,34.19423069485655,29.049506448690174,33.0787654738932,35.598276193651955,33.975530116144505,37.06685239445782,28.763622467260472,38.6566662243852,32.50889953682347,40.61269288939263,34.99272488146058,35.77682377920404,36.139108602623836,33.38824770717135,29.78678382359582,35.12364784352779,40.77510403665578,38.12138672102269,35.23654889016259,34.105985306617484,38.75214575983341,33.08530788174926,37.199907083392915,38.7468656844657,38.24908430433285,38.32999048712153,36.1215550789925,40.687317381020605,40.139804804122925,33.661333416756726,36.39050239187827,37.4628181420821,35.46477896222389,38.81642119617237,40.40720816745784,38.8770964376083,35.031325628869624,37.02878939599983,32.98891884361183,35.40572225758344,33.49292823915276,36.01505831896454,34.27339143159547,36.92842263341972,37.57473325682418,35.51284528396407,34.79117414253261,34.347493178068305,39.357817298211444,38.82824382788077,36.716025158509886,38.77475916313591,40.98943432415772,36.254799280374854,40.83627029871318,38.46403032730437,36.04841352578144,35.468961733778244,35335.269422579884
33,32.35723727392987,29.226356370180337,28.24107735616672,33.605737266159124,31.026767501403448,25.171913352681646,32.575458067997786,30.67277175250623,29.06632929978843,24.594033862835143,34.37677532283257,34.87704989355338,31.353145621886846,36.33153804119721,32.893970855057255,30.946998402477494,36.64106203729447,34.41124926785736,31.473603396687828,34.5328777899888,31.708083248803046,34.022407348757135,37.02844317503924,34.37222912015206,25.338448657858528,34.80073202005549,31.856034880551796,35.818213629431874,37.28135869276157,32.41148727736122,34.40233259267741,37.58625476452594,31.685450940047428,35.73576368398527,35.18352842672612,30.84153027401328,38.2744413016914,33.933990997904644,36.848171838724014,30.724508223391332,36.87705648721016,38.17541069347908,35.119150264228736,35.50332994450521,31.893222201201162,30.77669274106672,31.89942696590497,32.619591039411304,35.33869775436222,35.92522997753774,37.27360061995131,38.33103619645586,33.979559039416905,38.366101541990076,34.836938410318155,37.42723394605919,38.650355644010936,34.108404943975025,37.64377345075403,38.081357930158326,34.56190916275945,31.387773142497373,36.79533925555349,33.316971630692294,32.75622604904154,35.48404301591156,30.879738440019405,33.68782397708587,38.49336437777723,37.01060074145882,35.6031597178176,39.27391748010947,39.45123758054527,30.190201702256807,35.06533128251526,31.14905322501342,37.90220656131502,31.538657798434315,35.673123761227245,37.38872866451889,38.054078426687894,33.17353496763983,31.848570915245695,33.13067398676098,34.71991661374735,31.66605639907426,40.68414248462595,39.199013873407125,39.58535499483065,38.91866758996498,35.1910492005871,30.854562865101446,38.264155680206976,35.48300849015533,35.95370365971902,40.308544257484485,38.307020231036475,33.960081287025716,36.09896659848846,40.77506601637051,34508.41109723649
34,34.23627618916781,30.346787422504473,25.939175118778138,26.671095529274318,33.415341731382924,29.730951998327207,30.899361462650017,25.221853661976457,31.385312412225158,27.274932080981138,35.851444639710834,33.72506807123953,34.90517317164587,27.04643463754354,31.93208599983518,30.4120047213534,27.74085299142963,34.98907707858748,37.1269226511027,31.48404900180829,35.72445323430294,31.532261704424354,33.98191692322722,32.23387212051281,35.161540517295194,27.832441107552302,30.953372138248604,33.29873444049509,37.051874067434774,39.50965954046285,35.50998259329273,37.29167393628482,37.757389930205804,36.78850627451661,35.37453005146827,32.1752468233358,32.322321262383056,31.571053331798474,34.72085274189136,23.740323193763146,38.924713841426694,33.95782079944453,33.16792644848963,31.202092099039042,30.440285339847442,36.84170853249101,34.31961495203281,37.620518278813165,34.37763097124575,36.87229636885716,38.63553999710539,37.32529882541095,32.594481788097525,34.73753304780866,41.56950959042647,34.1862741696425,36.74623984348157,41.23353740389452,33.970863394336575,37.07408467598513,36.01324922260917,37.9084019069799,34.03228647192026,36.827417128524395,33.74490706597038,38.52664046863718,38.34302479068482,35.047096443008044,36.30424168832094,31.66460065773458,38.298721347727906,36.45451897003568,41.367945632816145,31.3376115326058,34.454707021083195,39.232725061369045,41.53654901333207,33.72461399883724,33.1573067705677,37.18432236824831,34.57718504787891,37.40239228229467,38.413480732957645,32.138587383480115,35.250857713232264,32.26954166817471,35.90227148402106,39.24810880467163,37.14226950170057,41.44139728589371,41.02854609263541,39.05129729283517,29.143519374055302,35.14920612277465,37.30114747900956,35.94050757976454,39.252471691861594,36.59222614635187,35.973463023702536,41.60176372001806,34706.453048606236
35,30.63890548317827,30.357846655942904,32.852072012758164,29.519577724845256,30.285195078447952,30.96257023426735,33.58002176974954,27.750633690575107,31.44330909439706,40.78145343832124,30.889763212268825,32.43206928727393,32.51347974878514,32.722596770144676,37.2765939539755,32.35922427016042,34.8292705018162,35.60764483425108,29.37637858338072,30.176389610797692,35.32192695515912,32.87426909666807,32.99343935216975,34.60527283358514,39.96700527142782,27.274392074557067,30.615404506265065,33.39759665001516,36.50369936098104,36.79924017314049,36.45697203145681,35.15796807236443,37.804026819603166,39.52448779463176,35.29414855837722,30.993716244062334,36.45266918654875,35.31842797188829,31.026798319527025,37.2434843070352,34.87543511711016,33.54590740766174,35.2512387135141,32.757566578801814,33.18953402464819,40.43064080509371,41.286372344649955,33.68307929724192,36.58195894479455,33.2513109909347,24.628080090195017,34.83737435964393,36.67009787080691,40.90064416209545,36.24701363241794,36.857517754011276,36.09264220639476,36.40958576018512,32.00119917431331,36.76523689523758,33.962410575404235,35.40082416652325,40.076737197586496,38.562529624523464,37.77357416105841,38.667560387268225,40.97235655237453,34.4847422473189,31.582427856062566,35.87085142701138,36.439020482312216,30.714583471929263,40.477172156916936,37.08748035042015,36.61556602966292,36.73857716512949,36.63269581195382,39.53943944024187,39.272207013606796,39.60899422139406,33.770453168939085,37.94750793367111,40.64944405200445,31.011662242025597,37.73404430144959,38.052555533778616,33.692679649348904,36.044896190080784,38.51623854932817,35.80601022666112,33.70490186216212,37.46544515723374,36.27576724471078,40.11690663064828,37.82900270581342,33.78520901626577,36.70641143534692,41.28969914891013,34.76197086325262,37.582087020642334,35214.650209355255
36,26.107937795312274,29.088891677005712,31.610205922141972,28.46042089443845,27.759713411258918,29.061042016087335,34.00472771141533,26.270082915924128,33.802847605513065,32.44172345937152,37.47494470371804,33.22773774976614,38.60528160886216,38.80864963410994,28.541001336003706,31.061566981057183,37.27291950555319,31.07451895797409,37.17073064101861,31.016744791230327,27.59987265786331,35.02998167049271,32.475091833435236,37.701915395687635,27.038638810004038,35.22347365451837,35.46759202871407,31.64021894174069,33.28976093844935,33.24819923561584,30.616522560632905,30.202687381363138,38.52441339470663,36.42329284602401,27.333068052864434,37.4537662108588,34.647886461103404,38.244723607276605,31.577624758395405,34.51537015783093,38.447496048550036,34.60880471971616,34.94285192876437,36.76071376722886,39.738406936051334,27.36927538505214,38.75432942495011,35.14570499760798,35.088482707055945,39.26748732918346,40.723404554625766,35.27497130425515,38.92127969691478,32.48488694267074,36.99449917099889,34.81633210530505,34.61392861794286,39.68862159536385,40.35783458445699,32.83819779551042,39.831779131100824,33.27168444456286,34.01728694878592,33.969395606232936,35.127219474919514,27.03502195669525,33.72412350477621,39.13487168983802,32.79664842595438,37.627972222538176,33.20209350833643,38.79847408837011,31.002852477669297,35.893326164212134,36.83661895170394,37.164655015788654,36.62058339878215,36.35581445755637,34.937900909726196,37.940120254126725,38.350994559764715,34.70774039764454,39.24370614748445,39.689459203029934,41.459038308981825,34.539324401899684,40.97547213060361,37.909225808339706,39.684149298537704,38.896732001634234,35.03437739089554,38.35190925060359,36.46613310555066,39.294797667543264,36.45257749488722,36.15163087349397,36.202930791329024,37.4550844787633,38.02280205577595,38.49151317221547,35006.213406981995
37,26.614027706012024,30.069599483045117,33.260859831102756,35.084585309375555,35.25978221335846,26.477041515346194,31.043391067717874,36.119313560377165,30.073889365790063,24.38955446835363,29.955218474753764,38.078339273548025,28.426181789520932,27.302136577512805,35.59918389078186,29.530525754621795,37.512962136376316,25.19623096114082,31.7739396003869,36.348676852175835,29.573520314914855,31.30533626611117,32.61711542380649,34.83897313396577,32.80138415411245,38.77609948521143,32.61895155415493,38.056061279910026,33.77730192388894,33.734766787741805,31.255023641933583,29.93514106771662,33.11001532302128,24.229236677185305,40.045866410276105,39.0593613212006,38.33238851264722,39.7758297790618,37.907089848301055,29.75601365554321,37.189070213570474,38.35364062980422,34.68360606779076,41.05034573303776,37.062727883372006,34.146614051182816,31.205531207928885,35.26510960097866,33.83258181304632,33.71205250990287,29.56230203994391,31.314988265196103,33.40556968209562,32.849719910087465,34.82415874040289,36.162770368908056,34.84503300878648,37.29622346059723,38.87786272816969,40.53328072187021,33.575138117314566,36.645771228061946,34.465297962885856,34.938406651255974,40.8566585301347,35.15058947918451,39.104944238446116,40.97324245740672,36.52567574413913,33.60759368495853,35.80341956327712,28.63794260381451,37.50304945680274,35.071645034057155,36.83600810064455,32.792941545934085,34.32374539830894,36.547847980446136,36.57197889162312,37.74473350794479,37.18278958330768,38.710362301027644,37.24916544774908,40.19995377887208,35.96602664259884,33.42375551769526,32.51094088833982,33.30265667844377,33.70521254489697,38.16315133280993,39.53563190690173,33.322661748521924,38.44153597018906,37.99444704013265,36.90137251179226,36.63444006672815,41.01254644160472,40.99745710788761,40.87107493406179,36.747855600165096,34763.43773249042
38,35.93106364682704,28.964912542708372,23.75087931458051,26.88047013339523,26.75062169476277,31.356290819155607,31.545541436237933,26.75810931877521,24.819486920531315,30.871967997601793,37.82405862557294,37.92176569475906,32.93929641245636,21.771980600079857,32.07389081239505,32.69105467946246,34.56151512890557,32.53896655998155,35.06007369177272,25.861113186061875,36.32408280027292,27.461242999493834,40.66186688021952,32.31152007574854,31.28383445017485,31.199820174226762,36.23919587592771,33.370611498656594,32.688906900749785,36.33128874810304,29.38535461697152,36.13909593186464,32.416935997368824,35.581397191665936,29.40175781828871,38.011622101876355,29.591827211818348,36.37231736472781,29.802880626029957,38.73573447839154,37.26441063560194,36.555166873881205,34.937000326744375,34.67335472964839,38.17130467370738,39.67342178968179,32.63666221206898,33.028049678680375,36.56123385242721,33.03330963891197,38.82730310598903,37.52783365574071,30.69068280133332,39.8966368187496,32.8999435481479,31.189313080438986,31.569859462296392,38.67939272631213,35.065928472908695,33.61061545065547,38.007429553900394,33.78914121745735,29.226913048643656,31.85803798629746,34.12162915700285,34.20722773437181,32.557028060299515,33.51871991922972,31.532389470406805,38.6592135351417,34.23356334583413,35.57833769298706,40.00320366345677,38.96138190860428,33.94785804580785,38.564355405178276,35.31436701459656,38.493388335654934,33.51040211373446,40.67786890547645,38.58198597085984,35.868678894831746,37.59411624996634,39.23742831632825,39.18974619076657,39.21775862552249,38.10101558458443,39.13111705639788,31.71781710277054,36.993248449430986,33.73656942837332,35.73474465363206,36.57392412709142,33.446454959095526,37.56452993833606,37.805284150597444,35.254179438238864,28.44282038177902,34.81808154061745,36.08062150044943,34225.28355166278
39,30.568469143685576,31.146942074485754,25.435025152879906,27.52940282085199,28.76134308222411,38.273375044952346,31.410709951919536,34.34523405829788,25.633294034979393,36.07018018582043,23.17619304772428,31.27560843357253,28.609029835405476,41.070155012305776,31.39128173981539,31.082277164645244,30.692161900837913,30.03243842075044,31.330293369307025,31.017722118230846,27.93721913355504,34.93922286338325,34.29755677190904,26.198943539094522,33.417495092203986,37.977076116660406,33.21381814658699,29.583654444699146,36.291019621189214,34.50878013118624,36.92885201432095,31.794017131559798,32.51198874281429,30.163047051629412,35.40737637521296,38.00412281871812,35.9517089927471,34.13228127963536,39.624333021749294,39.50509350281594,34.313635894319404,33.11864958796918,38.09096731789791,34.56000917729155,34.87725244080953,32.68549694383986,32.879229730770234,36.42043877064896,35.66958636917407,35.161338027397036,37.03716298790748,38.83908957514048,39.09735583509779,36.00495174638843,39.56882645505326,39.58727855844027,35.77708536303585,41.029212106311114,37.02239032627955,35.78937889799342,37.122657853518305,29.5133871587727,41.065774023977085,35.747332451073255,41.049585508525205,41.05070373145109,36.26969278878469,34.82019168440047,36.088576985549324,36.09923152138113,30.961183907362546,37.062171524831385,30.276324447540127,34.56270056526286,35.489232416923244,39.750859113042814,35.33108582108721,32.16333400687364,37.40190748582734,36.862122958376936,33.38346555162194,38.58152577122346,39.61058736577056,39.33403601318987,39.566444676458424,37.46825695110741,37.78811508467756,31.642469296644244,38.55521224704847,34.31151981498708,39.135215210124535,32.40137649728213,33.54263190679751,36.88243203268312,38.72736882551523,33.84422338974123,37.12583957684099,39.559247272624404,30.024169394641774,31.8562613790873,34707.96533708757
40,34.05573918840701,29.834990223224064,24.590076767556,32.522443038490174,31.19656365658225,34.13871148187836,33.75361779124213,29.83211902232988,27.984513873854343,31.30574869981051,28.144430848583294,35.45905648711489,29.712015917979237,35.68802287696642,25.412797697920514,35.123627009934836,33.5016911166853,30.361019958570164,32.99893744055803,39.02852219165991,30.81408002010803,33.029297019284826,38.80725367834326,31.149575291268736,34.787754571164506,36.122836274327156,29.601533546439452,38.637996004866814,35.40218970241561,38.17322347559714,33.427013474177684,36.06901637560395,32.590657905054414,34.6065260610812,35.22654558225453,36.02424238771696,38.915552030784816,37.212033370961414,34.03420129417135,41.58478251703732,31.251148550730733,38.689130314484274,40.37235931605723,36.126321277442024,37.10463748979534,30.99992196112072,34.22940402349532,35.064393179713306,33.63362416213751,34.08189596547448,37.56232962801591,30.1840697673445,40.608632125918845,36.64609295898752,31.494889267528343,35.243732592321386,41.190969986654956,36.435240373167765,33.76964871773206,41.301680420953744,36.50724619578769,38.408588933920726,38.684853168248864,40.58241575134398,32.14952987863101,36.26099027342286,36.25476587061746,39.23873151088405,36.05033041004992,34.69736607158005,40.883321655986904,41.34208599133681,41.3435605890259,39.805230100764526,32.37679642480278,34.37877941610188,35.576408714708656,38.20113783626258,39.351770649645914,39.87042405681741,37.26466353524306,34.50381139785247,35.56092547953697,39.24089084892857,30.17205627200095,36.352862322307466,35.02072305418546,41.01602056483466,37.05422948965247,39.7594557143932,41.5220619054448,38.394168681945395,36.659924780169604,34.197682586477484,31.39488258642056,38.10585105160781,41.173876847887094,38.31475137256392,41.01024290460482,39.339191786033766,35548.73684633113
41,25.597754844211558,32.75279923919311,30.851383172022942,32.58731220783294,30.65056317971541,28.454289734303522,31.42467567724746,27.607669613926493,32.55701095292395,32.164107518812095,34.39782481443603,39.928724498431166,28.907828696633693,30.797538700453124,36.051639924227935,36.38308867082354,33.727665885209184,37.098625519913696,32.24129605924177,34.49941566817803,38.06961353776358,29.718362655002757,36.46451080837579,31.8692939149761,38.378108666575464,31.298744373253037,40.48451100632385,38.50595701848868,33.32492469816724,36.4645010848727,37.088770568677916,34.873614698258464,38.31840842476191,31.582431930201544,33.94648217490171,35.05216742018133,33.57881190964231,32.443379041659476,34.51841046066658,38.65284708059342,32.703920851785945,38.46434354753742,34.53617170371758,34.94572309082955,39.04224481176861,35.17854175588964,36.31267464954937,31.630416841877707,34.3992432372556,37.24902768000478,36.805078972353286,37.201539696164204,35.091877446651644,33.78836233182009,37.008978038363956,38.63312705125598,34.01560538148063,38.008683418507,38.88681014289998,36.220115701780784,35.352880420257996,39.407723853823995,34.17157463377246,35.69095955142798,31.635827416912537,36.57417502911443,35.21617163896455,33.516793660138575,36.68925719858348,30.15334450892697,34.75438035491859,40.77687191496561,40.96117635818528,31.313401676561124,35.94540093182174,31.505053152917263,38.615336765208646,32.40698728545722,35.99344756628802,38.607427312301596,38.26997795724718,30.95992696861696,33.83207839146471,40.85446720275813,36.850973710701865,36.675663356802104,36.5753106815926,41.618075433433845,38.79313498867941,36.621971030733924,36.96562747051986,34.408650378793666,40.905201865432716,37.00049710599221,41.07811172091961,39.21756304223409,38.39506684677225,36.83492182399981,40.932006554552025,38.50454807285744,35380.19518237228
42,30.540641981594696,30.236594306380926,24.040272431397042,30.611939938600404,32.675119560929716,34.01666687215103,25.650456839965898,29.87081150791733,30.074559985705797,27.352823309220334,30.197117935346533,29.80207915123189,36.9731574299538,31.370038678689383,39.22640464354176,33.30498973782317,26.641123130171913,33.651100125183255,32.82244884640225,36.61671925681735,38.089678528406566,36.16703327752198,36.153242161258206,30.71794448305608,31.761214337816746,30.14612613778695,27.538303515235413,32.819838145801484,32.44689855838277,33.25005880767428,39.20981589760292,38.677144529643954,36.82304379721611,36.65945201112771,30.200434574640205,31.146428568361852,41.274307776732165,32.53147718531791,39.520594487003805,40.97483132934419,32.70799165798785,34.897260109990285,34.056205245255015,35.75701908912247,38.824826924281574,24.399856886962233,41.541679237059114,38.542544137666255,39.25873700425312,38.78595686410004,38.791513522793096,37.55832755464265,37.23841035555554,41.227162563084086,41.09183778278812,37.53399346663015,31.979213935502337,39.129221827395234,38.406536711408165,33.735923476951115,35.81445168798266,36.24796523164077,41.18884405078611,30.64374557707605,36.79569071068521,33.24563857320229,29.53776766947299,33.096150511008986,38.48634033679557,31.903232299404714,36.110042381601374,35.95993162820889,37.863291273876214,35.43207016461404,30.353611123999496,34.43504183679797,34.42253337744169,36.18522112649639,37.203969541163815,38.11091888933265,36.55374174077755,38.442801317653995,38.92265768831319,35.35322832160663,32.98556838135619,35.19800926133439,36.16360420207138,36.013536323256105,33.114839258505825,36.378696385637625,39.42425341510606,41.47882552791479,41.68175927047169,40.06694052763562,37.866702463610316,34.35063105816589,40.70418848562285,41.881112858195955,37.34987239466451,35.9032529802685,35101.17831986141
43,29.786358275212837,24.24720132739869,25.15929763782089,27.690913300110815,26.147205356929685,26.623856309908568,32.1553919792825,33.163841964708325,32.70521534599228,31.16778617796127,37.103688309293844,26.807339332648525,25.707892909419552,35.28107929207897,34.115978086452095,27.147605754787605,28.358419047094504,32.88851701517503,37.93357826276908,31.933944278730394,34.074572518706546,36.80500870687716,35.33649587886375,33.45062972376424,33.126434475637794,37.5688834409617,32.98127366837748,32.57924423633634,34.221742347825376,35.48895119806919,29.63680096686708,34.29640865625497,34.56023358294679,33.31614476087482,32.229637679765425,32.13857213092532,29.201179013868398,35.511293656159694,40.826988812965354,30.102331699484886,34.035600313501625,32.14664937367068,36.72296082435817,36.26270232825741,33.32992398299715,29.195805800570792,25.92517880386283,34.94111248302973,39.409501708064866,37.30889053745536,28.938498043755544,32.13051134128731,39.30295451154998,36.073782981462706,34.18151561743087,37.094064963089124,39.31143563375243,38.29090684055747,29.073185105532723,37.4483915472068,36.25629821970328,31.76121708654399,38.96714631806135,35.76665908743065,33.008442547303865,36.54541066552018,35.1350990083565,40.36776525801956,40.90664687581311,40.706314499430164,38.25289188024535,35.056246988387535,36.233431053034685,30.026980648460626,28.73799955923489,37.37280000730395,35.76520664026167,35.72062042680121,35.36767386325266,35.35328470553195,40.08527650595853,38.384828365700606,39.182318332093494,31.449051394601224,30.78427386335328,35.08598757581897,32.93585679947271,38.048912992379655,34.851588085866766,29.187114361239082,36.91007818242747,31.006566010989808,31.65754232313983,36.59734470684322,36.947594995615624,37.27893408991306,33.02515116584607,33.63744455309033,38.92817089318619,38.49629936596416,33964.89979762898
44,33.081708832313595,30.22563420830941,31.84289372648418,32.45240000324795,31.147295275251842,35.26707853862076,31.15440323390731,33.46235051264341,34.56153203400213,36.29409695392265,28.660149043691764,31.910316987340696,37.26394324452579,31.87085982272466,36.658753078388415,39.38201933873269,37.21517001097407,26.340392589043397,34.72114577153542,41.50999783346465,34.023834642082946,32.32056513620232,31.733919261875513,27.11129660957249,33.16964072241676,36.372901646224726,33.90435082653532,35.787073248528074,39.14818210572625,36.14835787291604,32.791841084020795,30.87775221347642,27.045923828952073,35.06368307141084,37.42035611858153,30.36779077615741,35.317331778114124,36.419900335289256,29.484092017561085,36.46025634551622,36.53253380411014,31.673719181458285,39.211825837003765,41.46112613361142,41.382389121578534,35.41869916963425,35.54319897547633,32.46815870401914,29.840873324091813,39.70573361363675,37.53685523857079,39.163962616838525,36.687067342320496,31.093826779804214,34.40131752626628,38.73534280593291,35.783620816453414,37.54194263180525,39.535287361607786,41.06322566887584,37.701178331624895,37.432366119636015,31.32260956734931,34.33579910921904,36.87371205111036,39.39265646120034,37.34002505401348,35.12620501580123,37.25727898286908,39.03382283516722,41.54829347369632,41.042332899434726,38.55522690699614,37.72188574798156,38.41977725907897,36.99543971915332,41.377941405153344,38.21761313992029,38.07176686561947,37.47502844785346,35.65131943493304,41.13726293719365,37.768183528966816,36.59975737617064,39.172308723164505,40.64725601849418,32.7158462875572,37.277507288910094,34.288384616411875,35.4816434468769,35.6725564806085,41.39472652442864,39.13203742448495,39.352332548466094,33.525589834874765,41.224080287216566,34.15362286559709,39.936389226391626,38.892662760477684,37.14538894555413,35871.81713283038
45,24.699767421886044,24.79404073808339,30.809556548049112,33.580503254125674,28.16851248882678,32.25682416251715,28.27171662444251,26.76508368982681,23.427063435344973,33.590818228335046,33.23252434840684,25.897122923319074,27.138411435038904,33.580737346521666,26.092567737565652,31.527171599344264,28.674820781540525,34.44918392340686,36.97104150152741,30.86583472735121,30.973191253273477,32.490341061551234,35.51935015469721,29.52956978942251,28.647477324634018,33.092088810294534,32.06627172005395,35.87991637441915,35.166367135588914,34.02906758389959,26.61060290241907,34.36961372311042,35.329770715889204,38.838656914136024,29.844916830473288,41.231813793188394,30.32636513219986,36.34222147933256,36.618919285353265,32.06846751451396,31.947442421253406,35.94638659793914,38.55877596632382,35.54989079653601,33.186812944576175,33.476837259564036,35.800485756902404,34.10140417041751,29.560271552562067,31.14046146523642,32.04129774793954,32.13662579983503,31.13696947295323,39.89120140364646,38.00538787766938,35.01520048239996,34.25982586404861,41.41948009914095,38.33573341948022,34.068636857526656,38.76959702785537,36.115058247735305,34.95255688676989,38.95724122014538,34.22787563227448,28.495513253632975,30.480509090373197,37.08792755989721,35.800501665633895,35.88678682652123,37.12267293094726,37.22352353519396,35.89086783016076,36.2542896286338,35.07891391993378,36.70527563440938,33.99799710251011,40.910493929104675,34.00100413557222,35.37734595860866,33.88065738231055,40.214101935167605,39.13158838520512,36.37677777761453,33.12175717472544,35.99995521842279,36.99591370607627,34.93422868407284,38.49114593287921,39.053568699130054,39.270156690877705,37.2530200312499,40.8780193120182,38.33369902731404,31.965751016492028,37.868991289687166,39.50883729657348,37.89679016980781,37.44032312213976,33.072131927884605,34143.70787165424
46,22.85246971527552,34.6883611587551,26.055048698884292,30.156644946672735,25.383446551245232,29.85828268861553,30.125869652980874,29.50471065135347,32.325594459968436,30.99538209417605,26.92490726321866,36.62854291595593,34.06419521168915,28.794022744582872,35.43855241108254,30.117404936690157,35.50237854410867,30.421340176521035,40.28057304691332,36.93469016998993,35.93968718382689,38.337957397426685,36.43587729403682,32.31837459571427,35.208257419035746,38.586294680028445,39.524202395986244,31.292910642681232,35.060322911317975,39.25029185740365,36.34494171008285,36.88778911368611,30.53918876410929,31.63519666862814,30.795713324886076,31.69609092075777,35.20235121630118,38.98885878205871,32.79231586477925,36.93983892254256,35.22408433941603,36.8469737170542,37.88960765589652,33.16233504896701,41.20076067106133,31.46951633154871,37.49506208323841,35.74713307566484,31.591931064619565,31.62790431953414,31.517662868442006,39.522876873260074,33.49091834829072,33.1927052826417,41.4196907059237,34.952793547714634,36.411843235671164,36.344686941219535,37.80911919356899,28.623102171417894,34.14235406098911,34.62436569121818,37.7695593940695,33.608258412111724,41.34344331019065,38.71947936055396,35.69769082950617,41.077160738109434,33.588866391575515,38.57065254332569,39.40784359067063,35.908537798418195,38.835411703351454,38.622913261568975,34.624182916054,33.198851583686945,37.13801298915994,39.21587742262652,31.006579139597285,38.39700875963325,36.51874582170764,41.20390440894107,38.64708583681363,41.577491653374,38.97931317575204,37.19351664416227,34.87592861728613,36.85649643196852,41.24818185257777,33.90028308865995,37.15999931648328,31.46512581554689,41.52186788696008,34.036831361708984,36.08417338422028,34.48683253216181,35.874585635020004,36.904213907484674,36.794970210155974,32.7619628097615,35099.581474662846
47,32.84067438652684,29.209217997365766,24.533358977283463,29.513650949504022,29.744649792732854,34.74937416030852,36.20908024954725,28.891143772189004,30.401188234915047,35.83674357384034,30.720060916598403,30.59313360562142,28.69531481745684,31.445623977692414,30.77323320382589,33.49910953557743,36.38184316880717,33.712632859731926,24.928276342490925,31.16778487085608,30.67237095908545,33.81082526143966,34.67456227885157,35.58942104293285,31.41068621811503,32.8788802503056,28.851541867573985,30.344486001313026,36.755839367016385,35.2719954958027,40.25258004184546,31.41103187202669,33.35421474562451,33.44100524812174,32.2760421963696,32.35715775808158,37.514189170603956,37.8455242435842,28.980274886309775,39.08953447196018,33.23440455604343,40.50570530428945,31.55037840628798,34.38080366178063,30.66595568040056,32.63950125083622,32.180756973498596,33.4701429622947,36.25500308687827,30.302611927232448,34.43897228513925,34.09586620303794,34.16120311756729,33.07204356806761,31.590602048349034,35.899438749765935,30.97322002477521,35.713703123783446,34.27796296841728,35.64415633832223,33.73173133249636,30.74442427803865,34.09101736602482,36.36809995306148,37.967124789144485,33.04261358177435,31.399978350522975,38.879479042336854,39.03204761467092,36.13436562667749,36.043282046948704,36.20510194866357,29.108475889725877,38.99690420858424,35.864840140416334,37.42724091551628,36.56624870400729,33.4006718845936,38.37310296583969,35.7224809867761,33.82017977138351,35.68247974941321,34.304324690472626,38.94658872177554,33.222141464747665,39.10463647385889,37.776887328647966,35.081216607496245,38.51202067373399,33.413621148042225,32.71795246227349,34.597508095262654,36.723436780285695,32.184691226249335,34.426307982546994,35.18092522623211,34.91980998942663,37.60755336029232,40.69721809149596,34.278205861719606,33979.776283377796
48,21.797978089473027,27.62478086584889,30.402836267335505,33.82535340470646,24.288516946053548,33.70023607070978,31.014811762848332,33.22325148442191,28.03366661323841,25.10351954666213,23.734497839193512,30.321893320175917,27.920934860200724,24.443450383517654,31.810715179787746,26.71731833182661,27.289535207907655,34.02133902292784,25.679623370097566,30.246017714489483,34.634364495525375,33.646982563158915,35.95050416568493,31.68780062883107,31.023828798506706,36.48269731564718,34.64142987997441,31.78602095912014,30.99014005253676,32.84533608168613,39.50047295867908,31.561840830217005,41.78672030514817,35.4728095170811,32.586642721902024,28.542121101205204,36.16737176651509,35.330017569563246,34.593364806096204,36.77936520689841,34.64527107073998,32.86329610595722,32.90889757573416,32.455277341568404,29.862866597539828,36.106803066981584,34.385071271872576,39.41196376681015,39.28527433024868,36.24681811008501,31.716598122309335,32.28741324825934,35.62919895302915,32.761462900388345,31.272710910880495,39.03945315256128,39.617005007169084,37.51927126846924,40.95798583068172,33.94601819358335,30.357588369920915,38.683466242693086,36.02857795651327,33.10209855075775,37.33436522493797,32.529032192142836,33.9759070636038,33.86044301899028,32.33415669814834,32.520551667150905,38.36894924185426,32.556566620942625,36.39291379755239,30.507314313766436,28.43711107141952,37.50766906154077,34.82556709185171,33.49731047632749,34.11894832135357,35.242838080409385,38.22353940780097,30.827900216266166,41.23673031506466,38.418575897610026,36.53231080361754,37.731760685033315,35.07506322913112,41.18627344926367,32.18741427730616,36.19466560165747,38.621922762544386,41.55226030821755,37.69719811505596,34.326584220647874,36.69464060906171,32.313749281045354,34.80765848760236,39.19335035309634,34.03985770928625,38.05473751873967,33772.26333140195
49,32.818001968837265,31.17666475159653,24.881691398765724,29.632583916853026,29.478342798742375,28.48521812418511,31.483813462161926,25.88273193483915,29.225543570312833,33.73221970595988,31.511951363857897,32.9441771804484,38.96421841929942,31.982220734975396,33.8740456498089,35.24428790269643,23.097583232703556,37.01339080116892,23.576347637676225,28.731119831556907,29.75512736365433,35.18457486274767,26.957754791310116,31.767950553725676,34.41582729235278,34.44207370899073,39.310289764534346,34.673753062052214,35.071937219500754,31.264200343218327,24.9723206013789,34.02702256353034,34.39640111024343,33.802373757282204,30.0431212837641,34.14036832039987,27.644603167205606,31.234978585438558,36.912406685587214,32.45906557914774,39.0069502207369,39.75220305332715,35.42002520904431,33.02988122415712,29.67998563657227,33.954926643840096,38.287247223630104,34.53816776170646,30.415328826651177,37.04482897255529,35.88833328775554,34.74969127366536,37.075414873927464,37.23856383591126,37.244499817428505,36.60081010605543,32.66323471475067,36.64627585373859,33.340150811257885,34.45490841956731,36.71600324586001,34.34574707228491,35.770128655397535,37.1509379659782,30.01951278544947,37.403709864567325,34.88788594632747,33.78204008289153,36.33532748619626,37.84978670469136,34.60658084619287,34.549275737113774,35.68407691682094,39.31447390380099,35.905120277972394,34.08817634587933,32.478386876567455,36.32991036700738,33.77348299076548,34.7721061745148,39.96774769619668,37.93429970062273,40.73732793671466,41.606647694091045,35.60701169865818,39.67279533209039,34.81731987780999,34.33604348866146,41.15212164394707,39.45817707377413,34.82786679767143,32.31958667133006,39.20296139611723,33.66464784840302,34.925998307948454,39.66639461334667,37.07050125454923,36.502312207816225,41.42864109805396,33.760315323342525,34276.651206762144
mean,29.221086636533514,29.644259833281108,28.876316927682375,30.588086666728127,30.26569724621463,30.819495671967633,31.393946179962303,30.68727961667846,31.391622264023244,31.255435991541127,32.63710737736337,33.183077811644075,32.73156604568721,33.138050049674185,33.52819881215567,33.00795846296381,33.05700213513212,33.893078236229606,34.07471687350005,33.276319671605165,33.40524141646112,33.78796476890565,33.61861672313929,33.57811473123074,34.17056624624364,33.80744513160866,34.193451994558025,34.41888041264081,34.835362428295994,35.612961621305914,33.71497333233558,34.19966069709689,34.74583341271848,34.79948114351853,34.00597167882325,35.42932406458095,34.30782858188607,35.3047668129001,35.47815628954182,34.853079697221474,34.904923900110745,35.97230125919056,35.23628779492613,35.1806556804102,35.98524740649228,34.80756792712028,35.27488725324943,35.70280862351048,35.2063687668421,35.38381511230014,35.599067786741024,36.436854678371475,35.97217625943623,35.70585727522987,36.29253236187388,36.14629263851791,35.469387187024424,36.048273760989964,36.052891857544765,36.225186773835304,36.49390315850629,35.83757102676121,36.240099792120176,36.3316193479171,36.006442676678134,36.69087808634529,36.20657965556278,36.76687558197847,36.589331607769076,36.85026081422624,36.553727217089985,36.7176779350793,37.011213011096636,36.16117044455057,35.692283156286,36.29284608970353,36.46071001795007,36.3396201875646,36.09569467019063,37.13052769745819,36.354440634757864,36.52799139803864,37.19576492490528,36.67876153463859,36.36552450139633,36.95863975071494,36.91913803869769,37.349613465692556,36.96411921054422,36.92441191975953,37.545485636647385,36.66807954514349,36.8541742169987,37.25124436835198,36.35339401159072,36.9957792794089,37.50458712558362,37.51112859660384,36.951713908088806,37.181350657940854,
