,0,1,2,3,4,5,6,7,8,9,10,11,12,13,14,15,16,17,18,19,20,21,22,23,24,25,26,27,28,29,30,31,32,33,34,35,36,37,38,39,40,41,42,43,44,45,46,47,48,49,50,51,52,53,54,55,56,57,58,59,60,61,62,63,64,65,66,67,68,69,70,71,72,73,74,75,76,77,78,79,80,81,82,83,84,85,86,87,88,89,90,91,92,93,94,95,96,97,98,99,user_accumulated_reward
0,2.1176301222199836,2.1224150403964273,2.120963244142825,2.093630596366591,2.1291727798786972,2.138621617457649,2.185616110853857,2.168508046448377,2.239059840585524,2.198873856237513,2.2990238582386264,2.158647621510332,2.1930578247305035,2.1388653691358797,2.188186195894939,2.141967615988633,2.16476496017461,2.142155781696749,2.119203623737545,2.1021733569559333,2.1900188768814037,2.216198347214248,2.2730394241120933,2.216812871147763,2.1162901507316736,2.2713028740731516,2.201433381526047,2.267828395130568,2.288363682222906,2.1375498788027136,2.1775188137591894,2.265494970075695,2.148585636564001,2.251299641747632,2.2623273204527616,2.113852484064123,2.311042802965432,2.3613257797916263,2.125282807400619,2.235994928862463,2.276222342414797,2.1052325683251025,2.298645561512471,2.2353861254035086,2.1689241976208633,2.1663031321238044,2.267310562395252,2.1681657709704805,2.1862451396949876,2.2046340126730524,2.218501374715696,2.267436404610564,2.2059646218210185,2.2080013057645598,2.1774346620628746,2.339128615185484,2.1414954697475133,2.128598741221516,2.2889780971693066,2.2565080318953568,2.172048786239023,2.184738653041367,2.251518027563671,2.237777531348644,2.233107143900843,2.150240041404339,2.3542644951025524,2.334925851294927,2.160036040794638,2.2442323707337515,2.326768930756699,2.3001825858438476,2.134765098047116,2.2562840403238615,2.2331362069072505,2.2534813621036323,2.1472535868418183,2.241497415381183,2.2430388798284526,2.309464075704538,2.1916308083516074,2.41845258911412,2.1600802051073997,2.216493609446261,2.271312697419438,2.1661929963030495,2.2954978888677515,2.1924039513466993,2.2703023175703465,2.2978289360314093,2.2869163504665546,2.202855768515185,2.238199195406318,2.2670689635373185,2.1735479542823257,2.2785168718123,2.234021070375633,2.2412790119991057,2.1758493069578693,2.221547824998639,11073.598835428851
1,2.103010863043884,2.1790891684484173,1.9855952557993672,2.2032694606351892,2.252016272645606,2.201581674983528,2.231437645769089,2.219530915735933,2.1904938793064077,2.214147683205924,2.2719018660722825,2.2582755845615177,2.225422554593371,2.279980590379424,2.2787277637876957,2.2576160403404915,2.2216227022083244,2.34410933599911,2.2252178133884932,2.1878753670529263,2.2066347250093328,2.2060292855242873,2.236850609293026,2.1918268996238797,2.218140379590974,2.2146904492024264,2.243400577832593,2.3119660875515153,2.2740030914285487,2.2829596806996024,2.2539602097702582,2.189662557518504,2.2456540594195844,2.1823511575496037,2.3118880042109886,2.3186638439910046,2.1879938362411564,2.251855514010438,2.177372481928894,2.22854333589595,2.2413647862129653,2.2628246879491614,2.2017265738031067,2.262178896985425,2.240596703406076,2.241909198240134,2.296015318239969,2.199976288536773,2.301747508412948,2.202051913400057,2.318299871890454,2.2801749089335535,2.2497877204745826,2.2412242710396866,2.1986179209303303,2.192468839133411,2.2593241489603293,2.1458488858401537,2.1770572468575686,2.12712263916779,2.169537068474724,2.300132284282855,2.1469980207210666,2.231675309244512,2.1315456559884702,2.2470928997764603,2.2285207665227738,2.1883040837458987,2.2575144593330694,2.242509745393405,2.219119250187987,2.382031128749791,2.1541221524953573,2.116736831085501,2.2189916605802784,2.2508941636227426,2.3147508400134664,2.253759789119171,2.199694667748882,2.232977808939323,2.1856195827051583,2.215389764629057,2.2526962206928576,2.0653481791363375,2.2326991061804145,2.2395018276175973,2.3117040858070377,2.228548020478249,2.271523123998533,2.201510704297682,2.2851863376834807,2.221043663471615,2.2789255803071224,2.2314785007442905,2.1101024856011508,2.366522665852248,2.222357583405894,2.315798767744491,2.2269979219030294,2.2870115916697573,11147.128092630788
2,1.9741780579187258,2.024746881442518,2.0484680493623073,2.0317319582886113,2.0799675123503096,2.1244578568832924,2.1729692054709155,2.031178227678778,2.0821582934166925,2.1375903316448963,2.189504878993492,2.1957460958636137,2.133301333128972,2.1915003069062404,2.2051477619381563,2.089005900633785,2.189463191315817,2.0858699167628383,2.0793059757693944,2.1898637960410308,2.2761197373920177,2.229096093472034,2.147495331279485,2.1453835031801605,2.146065890766977,2.1947545514889937,2.1519936635431662,2.2686811472726363,2.0672001733973655,2.1333559299664704,2.1897930444082943,2.2116039352162784,2.101691498380016,2.222512692739841,2.18034895375268,2.279525719595891,2.172997186386442,2.2282017299164782,2.2353900546704066,2.0703527649050586,2.227511970641346,2.18645192376962,2.090662253637144,2.1966575141487716,2.2054026978189185,2.1433933129264937,2.1837102908677237,2.1087383751705135,2.155834506013463,2.208561702811755,2.199654996133327,2.1349969034256016,2.131890501811567,2.197038108806789,2.172362039177469,2.143491028400586,2.148911524362493,2.2180155060957403,2.138792894156454,2.12722151246848,2.233372543261813,2.230071117513465,2.2335022436764502,2.0620893807439256,2.284336883784815,2.2753944728864455,2.1697948979744743,2.2290264564437723,2.1945448890706025,2.1373330156265866,2.1890288254267665,2.233629096213254,2.175206883708483,2.116268273005298,2.2552640541972475,2.155252150726065,2.2044942220211503,2.2134291408359066,2.18170716595049,2.1696996525075734,2.140059266560747,2.3822332560242976,2.056696237181568,2.1671868501123366,2.109301698420133,2.100848948884735,2.2732043939472164,2.2260425773255115,2.2275392097586906,2.1897275828572553,2.1346126924521758,2.220167077528857,2.112084691842602,2.0313736574052395,2.1538851671676635,2.1278549415919006,2.0809119691716877,2.2124508006056844,2.172563223159567,2.232354230501787,10826.12812671298
3,2.1162300918406998,2.1155521598280034,2.0864398212347024,2.231415560831238,2.159760233011389,2.1271765506562215,2.118708733517388,2.1798935965793858,2.163157162147946,2.2316546721989554,2.159756802573804,2.240605091724353,2.2661111578241693,2.2353633117075815,2.2046908129669647,2.2281902740125954,2.1386513190441163,2.2703410317696857,2.145147494901325,2.154455954556024,2.188772054277985,2.207984990420817,2.204415181975558,2.2067834750761706,2.130667020853484,2.214493625100925,2.2271930856235937,2.214902967289103,2.1076858189084047,2.168925398502143,2.2106203595793557,2.144647286111354,2.18462607621312,2.2773412696572906,2.2419178329660983,2.165703577066818,2.239128822656705,2.2584403265623147,2.197539711025784,2.1286456158430496,2.184430589433657,2.314612873159828,2.2479443096942067,2.2182435224249506,2.223823061565995,2.1973381837413997,2.2852041777870697,2.2944157530476126,2.052455302355332,2.3063482580653947,2.2250220945566297,2.178571421329605,2.1678451608340876,2.274059320499618,2.1233420013756596,2.165193175782726,2.2830046379076863,2.1617456370429724,2.17845748817523,2.2416406554183874,2.329118460584206,2.226595579545215,2.272171864088511,2.2363450546861956,2.1744750724337196,2.180029282734522,2.214511967426228,2.2369557796923645,2.2557062367711893,2.2149424663858213,2.2001037264531327,2.3526490779400553,2.226003496472492,2.1823209188618993,2.10607913243265,2.2195598489472506,2.134586555109968,2.247672357843952,2.14717590535936,2.2123105968289427,2.227436769691329,2.189998740222834,2.2576876377841706,2.2775571350370885,2.1719039419441986,2.2365752147414106,2.2587743180089213,2.1932420520829394,2.2544836449755046,2.248654632144511,2.238025645407673,2.2201771158131267,2.2739622514653957,2.1889146185352106,2.2590434721042914,2.1974815072105147,2.097052667989378,2.2211358058842654,2.2933726877484206,2.1454118701378095,11031.881953118065
4,2.0296908927209403,1.9995332218121957,2.075327924501423,2.0816183263465238,2.1398494008598177,2.1883399312079255,2.1762804407009657,2.0898731428680644,2.0984309828045116,2.0543681702977654,2.0762116858205446,2.1642284404628698,2.1125886381888517,2.1564357509660206,2.098563825115523,2.1874654554273256,2.1888478148474007,2.1901121739395832,2.1363839213743905,2.124924813183296,2.1490372536461764,2.133009817643655,2.109050061627466,2.160407599838656,2.172829579341961,2.1017850649605005,2.222977033610714,2.2604085609714617,2.19214832295984,2.21330589852104,2.1977103155312054,2.199012584107561,2.1448028851661203,2.1410152626260763,2.136255929056524,2.1798388660633767,2.2489264719007935,2.1401944117827036,2.2777205917563013,2.156031557634206,2.061823186574354,2.188641563269675,2.1783017474854627,2.21161939213228,2.2330287292357873,2.171424651485133,2.2226248735481615,2.125617648427093,2.138697619701734,2.1625297765388583,2.22331969709515,2.1496400957723525,2.244295862692796,2.1775664587315293,2.12090275673766,2.133767036629361,2.1768562477191065,2.120963770098018,2.204549078713927,2.146253989528239,2.162284530778699,2.1693992396436537,2.137411646671962,2.159570269074944,2.2243989427217645,2.177166508625673,2.1931162084510833,2.1729004588178373,2.1971534796861896,2.187245774375886,2.164137138025882,2.2222141520862015,2.115919817375343,2.2293355432686486,2.2476723057601,2.1817038429707405,2.2333643795064257,2.1015552351697018,2.1886449875997944,2.1359141483492765,2.1587129095335897,2.0854653875465186,2.2303945970168426,2.078817668154254,2.1653694240568324,2.222847336077997,2.1512486171489082,2.2111659863690654,2.2057891560432763,2.156898757326635,2.1484916416125635,2.179143261125926,2.2102087190509514,2.2777448071629025,2.164517763371727,2.133865076026188,2.1779212336851734,2.2148751858724727,2.0962919215438145,2.0978624591910378,10813.33538605927
5,2.0236962207117486,1.978132213594468,2.054642252141745,2.095685000097662,2.0964450227508458,1.9598906080038654,2.1471438956939686,2.1060225592668775,2.062184218901644,2.139140768743913,2.192513509525392,2.1409349736709977,2.122051984429216,2.1012577763056877,2.1415974175683767,2.220161976060175,2.1842616904274172,2.1804722506599177,2.103459138958462,2.060133038649098,2.1415574424630623,2.200037102805973,2.2409514408828435,2.1806544113641513,2.116335125590034,2.1081180243103,2.1552686455174177,2.1811919923622374,2.109730273535927,2.1272182635918475,2.1107076450746054,2.153032630840454,2.0633257299795758,2.1820853407555902,2.2549242373640843,2.211532572318325,2.107098850046992,2.1065676326670397,2.098546167736531,2.0489583969422718,2.138148048828122,2.0589735285974284,2.1615739522627884,2.113861461064253,2.164864256029011,2.253831199837299,2.1171357640365986,2.148968007351794,2.165685668132332,2.1052637297669916,2.079849820524001,2.1933470493816447,2.2596496018772725,2.212143537125503,2.1255412503913065,2.1755150508694405,2.1960538491947723,2.1653476357135006,2.1229128876050347,2.2712807417375784,2.1518003714207095,2.1512089721346626,2.112972784069948,2.1065782592824243,2.1838917319496396,2.259274768509378,2.1750906318586933,2.1218980375585623,2.1189133078630444,2.254580269703122,2.122768000362043,2.090478924660417,2.1176724744244977,2.1214531875859097,2.1410847293382584,2.18267503782318,2.2178179560405327,2.1565580407782523,2.2579620393157898,2.1053835501808265,2.171875158567332,2.157004636848281,2.092297790614449,2.133305341968018,2.024636043835491,2.1673986062795927,2.1518986939757805,2.197334445987602,2.079325008501967,2.1882641995303422,2.1652997240021907,2.1624465614809196,2.113364150813319,2.147718821050118,2.0964184668787134,2.1210035305786876,2.142187617733404,2.1009801629092224,2.05375044105319,2.1754738328469347,10701.483089647643
6,2.0201814516146905,2.0991794317685963,2.0846582953117276,2.0898938631202135,2.2160021600322897,2.1157514101507386,2.1688405191381346,2.223550807564835,2.050977763103954,2.170151992426921,2.1539128004187145,2.217008959913294,2.248491476581906,2.2144127063819363,2.191364863554064,2.158470340760317,2.1305441689347084,2.2610271927296433,2.17374016851747,2.181483761593685,2.2341152870416745,2.2041820818606843,2.176443930423781,2.1489543224496117,2.196084891214885,2.189280721550821,2.1566421478652185,2.1339978585612784,2.1553008718399354,2.249123336167068,2.2092604970185814,2.1392499715674522,2.0881069127059835,2.2436522684106257,2.1152829032377864,2.2388338628717417,2.15875586358051,2.1352720751917054,2.1955625049748706,2.168068373416669,2.190701465546043,2.0964775151312915,2.203074858911963,2.190003753715832,2.1342680400612237,2.171546301574472,2.161248206641357,2.157191172356407,2.1888964227123826,2.2118320709071098,2.18410096422469,2.11659563694206,2.239623551754869,2.2175694658267573,2.1671017178547434,2.113000900207224,2.085795561284062,2.188729435336672,2.1877439764110886,2.21803803244485,2.198960525457518,2.1603876176939916,2.109450926002673,2.1951638469312176,2.199259654452684,2.2055550648526783,2.1292813485470257,2.117233087579894,2.1762148866900755,2.1693427632304774,2.2529592853387523,2.185702362377229,2.1930955876467415,2.0933556930206736,2.0964799509773244,2.2200147534687447,2.2026110590839125,2.1785530368617376,2.1349296797232613,2.218813175749881,2.123691667125432,2.185230866484401,2.1452101567329587,2.247978657051119,2.154383887644717,2.216111648211338,2.1268446379041515,2.200071718371694,2.166235930191456,2.1166287190296433,2.223813400788952,2.2421544396550415,2.240378368403262,2.2324737545309064,2.1631787372481885,2.087747724052769,2.112352477248931,2.157457739187278,2.189843663818032,2.165528617025721,10853.201749090316
7,1.9934145594894286,2.1397499556041177,2.1391672930966363,2.044015575184493,2.132899734517097,2.170535267459395,2.2674894336853173,2.2226603303018275,2.261686348578811,2.2080884995328787,2.284854083847427,2.223196752243554,2.1661587984984534,2.122320981351355,2.1173853352536507,2.2151396005986976,2.2410610858575617,2.2695975480405393,2.2341575960590334,2.294067273581879,2.1792563812038197,2.2365956830682703,2.2460347720868152,2.266320403461967,2.2505247323638713,2.2569675453694615,2.3278019461383384,2.2372099198410713,2.3208155836148863,2.3318526628418725,2.25085739049739,2.206120414252155,2.25944747719123,2.243325339785697,2.253351559189868,2.268918449897057,2.314311125711549,2.2303683780921135,2.136693689268153,2.312642194130803,2.2040902295679374,2.221586171512684,2.208573288005938,2.2697032380326987,2.175486653081196,2.2846054317769418,2.270217970496469,2.2641860647365193,2.2488853676397698,2.2719935631299064,2.185424106131367,2.2706310644651873,2.2898665315440043,2.1915323435391985,2.3262422066566235,2.262122402255638,2.264016702951891,2.2743973453336683,2.264646827151142,2.261656448667468,2.322972946808643,2.301958999674165,2.2871862298031744,2.2878285477805917,2.119621457565093,2.284483011636266,2.2134176128189647,2.292683914129404,2.243695552416931,2.181519540166136,2.269948561389585,2.2212739241332353,2.2380603337901155,2.300767392511099,2.2306115041854686,2.300767021070883,2.225587155609322,2.321299564796288,2.2566664276596544,2.2090176346131387,2.2987111566172835,2.297609802580879,2.2157308114361056,2.3021306245012134,2.3549471394100703,2.2539144885796474,2.256190086143732,2.2472887314219196,2.179277893614488,2.2005351490028726,2.2690014363634328,2.261696342931344,2.2903704325876975,2.2641625437913,2.297892798941239,2.2141851489445705,2.2605821309578267,2.2719850075370736,2.2243785180640647,2.2147577048859954,11208.582046916785
8,2.0160295875266216,1.9991576151549417,2.0241374323414436,2.071524571073746,2.0920016006219866,2.069575904320027,2.050458017755276,2.1036667163869156,2.2484193463289714,2.089461866366124,2.2416685652084465,2.1162676373759073,2.2473436458928315,2.2573110237647627,2.125789007040119,2.2046400909836885,2.180418679019614,2.132642837084488,2.2236099419042357,2.211826930996544,2.2168243603327396,2.2524298453338982,2.2259957970266098,2.1926666158919885,2.2351895158689974,2.1582047562993716,2.173375206430193,2.289513347505936,2.2044527402169494,2.29080946041524,2.0825787062549543,2.0986059124090666,2.2047483250973348,2.1553760000700914,2.2242189830890893,2.1523681524637728,2.134700503419313,2.243933397979547,2.2489339863416387,2.1993118269162117,2.2461212709917575,2.239222419876833,2.2863618575681786,2.192760114698369,2.0692324543082674,2.1484935331439585,2.213885552612589,2.2515177751655293,2.141709934691547,2.111498279797413,2.2302065503866366,2.2115408941036097,2.2688762660718242,2.239928716514322,2.216510880149211,2.19078316986351,2.1657993218415816,2.2016035222442447,2.187344536532875,2.213576148392956,2.2798371069818235,2.1261162755265035,2.2244474874919797,2.2179205498206946,2.249761025427517,2.2276425756593325,2.2053718783393355,2.234589802005896,2.1795280810282267,2.2804383975799642,2.226352645124863,2.138747135430163,2.1451561444107723,2.0976612436627047,2.1603210416804544,2.2252918231832455,2.2613212137976104,2.2390875299034856,2.2987954877652657,2.1518201935826626,2.2060855606652843,2.1521053372769603,2.229341020524811,2.29126175580457,2.1455807654564514,2.278676051358929,2.177508110283718,2.2441308387937835,2.183475080742666,2.2157049697261355,2.3270151732917865,2.207247637076549,2.15644626789845,2.2806289926704983,2.2812687175709825,2.110899948583018,2.307283012499069,2.216027067715779,2.267905209128732,2.1844844860584787,10967.522264849702
9,2.0574245091730723,2.1193891166149896,1.954631469574213,2.0194336860615,2.0514571761564926,2.0365296734781824,2.127131449963764,2.0578560471331087,2.111824757600074,2.125262225908381,2.1936241454456304,2.1039093411762866,2.1477371705447688,2.1604180196894136,2.1737261442049056,2.1956373152118904,2.1916806170736036,2.3001162574472356,2.264771593177076,2.091082941768736,2.1482023401303705,2.344389877705249,2.2773351732513647,2.202662598061476,2.2759521250904426,2.0441354453457747,2.246373090587569,2.2425290594487337,2.1330399637363424,2.2247391220971537,2.246323515315345,2.2011475019443454,2.1944306210793836,2.1253120841430846,2.2515435680850984,2.2492418074093687,2.1725058123941023,2.2289336646096625,2.2676055785293565,2.156758961137429,2.1686536530687808,2.2131610009082943,2.098392355970307,2.173301188481815,2.311774648680698,2.27894575056797,2.1466845482260912,2.1420995330323533,2.173635132099583,2.24571133917443,2.197218090984018,2.1103442274302653,2.300486730382374,2.300008146714177,2.243249065525423,2.2542475474711767,2.294805635099854,2.2986938894252287,2.1940806360988803,2.289759023623522,2.1810343847683167,2.1955569379594926,2.154688185403823,2.220241371831604,2.2537603249096496,2.20386859426011,2.2164282805196787,2.285321351673235,2.1432231746637997,2.2817296085540963,2.283710350854822,2.2108084115100137,2.1612694477928063,2.1850359179138126,2.2820767919311287,2.1311533779625056,2.120830280768032,2.175373203441535,2.240051131132851,2.169383241551003,2.149198648605829,2.219878108489074,2.1705674891140476,2.092736216090263,2.3330039040350643,2.2494184552562766,2.1847762412901592,2.2543928813011123,2.1048488859925887,2.208595417709821,2.291020774887289,2.2155634950047114,2.281763044621451,2.295495452783665,2.237724251589407,2.2377675990985826,2.2030669623195966,2.238903795484767,2.312232795417684,2.197811575347288,10986.31840371556
10,2.0066347901546044,1.9294377472900452,2.049348790223324,1.9665877911606602,2.0053530680555958,2.038442873373352,2.1146105050721533,2.129361410249703,2.0873596622101918,2.135830972223404,2.1195118246545808,2.0819099917534065,2.0719856341121217,2.187301391489493,2.08233130807729,2.0106017224491013,2.136418123671307,2.1011570894230966,2.079159913963175,2.203211637324966,2.1314095358644116,2.0738027959940704,2.1096745996572888,2.0417392292366348,2.038656828867664,2.12508361898926,2.093360816867485,2.085767067266987,2.1553051138922763,2.106651557797289,2.074132802675499,2.155008795528859,2.227281925260983,2.070953977218254,2.100341506509654,2.074898376124711,2.0738984242517633,2.1689445389791238,2.1649169357479865,2.1754528872775403,2.106618163351892,2.0910914280485966,2.077459659916364,2.1025758814306434,2.1193615727089083,2.115599867917943,2.0832697904224973,2.077095595101186,2.080738314312888,2.149813930291703,2.1008749046019846,2.0885897918405565,2.1564511987577895,2.1043966276735846,2.039910315336981,2.076059134893584,2.1192622187103938,2.1015034693617243,2.057595300206146,2.0812414596440014,2.0198395350896217,2.098410679648911,2.075720103161653,2.1207138531485947,2.081619412957012,2.082481690143995,2.1428000454202984,2.0504947021526205,2.113100540694844,2.0880812206140953,2.1456268087927404,2.1100076005415667,2.1028661956687946,2.105136564700233,2.0534393470232013,2.142762169422746,2.0994518021104187,2.03480410189231,2.1300404406933384,2.0746073335780078,2.1258994435086715,2.078922190459492,2.03986642052256,2.053999359940303,2.0836400697967115,2.0909053945595315,2.0817964418029544,2.110336274393841,2.1304083348965834,2.045804121207321,2.0957239263504146,2.132607006069054,2.0670350882407944,2.1112167406510554,2.088737989683704,2.000637645539831,2.1364457374414183,2.170846665860715,2.1169604433794826,2.166190210806968,10475.666492901753
11,2.012530309568356,2.179127600633016,2.164376659383972,2.1089504472604914,2.2618980337657852,2.1644370374733346,2.168163949576531,2.1462719773599024,2.202287944294237,2.267143790932674,2.210717491907179,2.1899930734532,2.245420199268964,2.1351896236551737,2.2018769944151013,2.248776118463718,2.235572768992154,2.236819406050587,2.2730740698065914,2.2435693564729355,2.2165213050883614,2.1777663777437555,2.176186878121752,2.1266047235497845,2.100874774717736,2.201113108602083,2.2902618186033243,2.111540707065002,2.1826651140460553,2.1658908929525054,2.2210750048470085,2.2215856194147428,2.2149529613367975,2.1999605706538374,2.248049288262779,2.2127146442348478,2.134593256916745,2.2703742167756085,2.1963543455184604,2.20417869484287,2.220350797597365,2.207104900303605,2.198442964462279,2.21470572901121,2.1448925183667416,2.175104405090891,2.257930327786527,2.2478452699413647,2.239199928455534,2.150812419582775,2.2045421547123976,2.193930627709757,2.215830326615494,2.2444755576521107,2.2271859044695055,2.272752745704831,2.276813736957804,2.297700164063659,2.1599976790404174,2.259781087987397,2.247399172279597,2.1761134528597403,2.257998165150285,2.17919797190241,2.2341212109895268,2.320625816641598,2.2962169102061343,2.2080558321980703,2.296567203600161,2.2805398693455903,2.1793507247276427,2.2174854418452496,2.2478523955979584,2.1901849114072784,2.278129750180683,2.227119343825713,2.239711606337037,2.2584239998915163,2.1811041799159123,2.2603598754719596,2.20933024363922,2.3173308639033596,2.2750797170403585,2.182453849101217,2.2685828065867626,2.146619963230304,2.2400239009031564,2.2781973198362797,2.184383345498576,2.2456122547868116,2.211505927654772,2.2466211141092085,2.257383582818375,2.154266230494289,2.2134264383105164,2.2532664927971613,2.238139718417289,2.2796437160348617,2.178696123007069,2.2548131571853367,11079.53975006343
12,2.042450706731025,2.0787673447260784,2.2281143531270007,2.125815129415345,2.0788505948461586,2.20422824849017,2.1848679691587667,2.120493435442352,2.145416570551475,2.1114398750778194,2.187528250840033,2.1954741385188523,2.067648093065577,2.2220117895912725,2.2659465805814225,2.094222446340809,2.2222126434217517,2.244278622461897,2.2131040519248812,2.264119066637449,2.1788617512961572,2.2361566155117454,2.1461895606302015,2.092334386793371,2.217791438829006,2.152267483238174,2.2358378458108117,2.2344524202633376,2.285667449250662,2.185101678537376,2.2004412719418562,2.1836114771727586,2.221194840856444,2.185199905857044,2.205489569246116,2.2231905211234473,2.161323011125774,2.187362155785782,2.211596428083685,2.1978955883907934,2.1799037506147756,2.24721475222095,2.113727491242644,2.1040135642288305,2.0836233953152394,2.1444980290249807,2.206190822084563,2.1957242855145314,2.2424322311338734,2.2725109987981553,2.1183946772174362,2.2532937215908997,2.142580457277249,2.0795363496873818,2.1808077851995704,2.1343770297838733,2.13226727149914,2.2068124285722375,2.135475974933565,2.177379722783137,2.2356595095278085,2.1564807541932822,2.2166907011728783,2.2399384417322654,2.1405544328974937,2.239925804981122,2.2287995978034325,2.23489180292402,2.2204002135012337,2.236831664042935,2.129897395509737,2.2099644466954924,2.189355413223181,2.14575660048251,2.25728547244119,2.256578461836613,2.259774802401213,2.1684720217032947,2.158454569829985,2.1562907556478312,2.2698374885729056,2.18234241822511,2.2093769651532837,2.206501678849151,2.1157786898691127,2.130697862306147,2.2407456538661883,2.179724273984719,2.1774029041047687,2.177697861517479,2.1856795845895,2.1571643060827133,2.1868064093428687,2.121051844904492,2.2032083154975726,2.1351097116001068,2.115131127700911,2.1716218585319838,2.1764454031053213,2.142023505319704,10907.803538754464
13,2.0660331107746734,2.094580261793678,2.114010471369382,2.1067406096466197,2.164341913128513,2.132924453426304,2.213437663858076,2.2167922675225413,2.184392093407383,2.1119020080320574,2.2323259635157333,2.25236936039024,2.1910053281126514,2.174973318143863,2.213265033209254,2.1492609744346214,2.2252007224772,2.228881921587281,2.1051302425576814,2.207725439979726,2.260002831317413,2.2072071647943967,2.2074022193418528,2.2759599110922637,2.1927702519165533,2.1773677021306694,2.192140603388176,2.190133202487203,2.197714233297171,2.2432807366557195,2.2703418961450517,2.191542501343334,2.1349634875958046,2.1875022989631208,2.0863529332158537,2.085151504921456,2.1929533400199888,2.207026848240228,2.224663705115963,2.2505741757636537,2.242755698783559,2.2267970811245186,2.1168821983673873,2.244599010594466,2.2331345315485733,2.074708451168416,2.105899731167012,2.179033046691164,2.201834344366528,2.1832118192091463,2.2626086992402343,2.2425225684207426,2.198150773291075,2.2760719383774126,2.2243570977828226,2.292986915796548,2.2383904124951717,2.185521161801309,2.175770999008073,2.208426103289496,2.209599635353407,2.1396235064526423,2.2223968613275655,2.1210551424901163,2.0893826790336196,2.2481776777814453,2.224607803152441,2.1673849209713483,2.2302453051722138,2.118124896458701,2.2094084329605397,2.0652708351257743,2.2761587024691927,2.2612787188220964,2.16613490528844,2.262509387173348,2.192926289502283,2.17881300762979,2.286608263838288,2.2142173905738356,2.2112708833012884,2.264517105435008,2.2378230698155344,2.2566542713209343,2.231193085874497,2.1893716560521774,2.2227522794143924,2.1525035579740113,2.1487188984409844,2.211110389854844,2.2193670465060484,2.1003491125916853,2.1723165641015667,2.1525127827361095,2.21123653195946,2.1921589730811304,2.1733527877988763,2.190612703313897,2.250288724662408,2.2172733012423023,10968.165768734561
14,2.1616784633503086,2.1595987967966512,2.2451202501148857,2.190874354250486,2.1664754379496873,2.1418129103589996,2.275932556224623,2.221372930571655,2.2810813659551026,2.2210124416863173,2.2939678991931443,2.251621428954299,2.225238110633701,2.147432090839995,2.2276465596587864,2.220905399497789,2.262554712637433,2.2807854713136475,2.212536090355097,2.2274757890037176,2.3193496442007926,2.216575504905824,2.2821795806146365,2.156053465418814,2.181272665802098,2.2443426618798488,2.1625808672729563,2.285578281900094,2.2513025416852273,2.1764169692309925,2.2314819886929773,2.292176924210768,2.2541399321812183,2.2716513720480225,2.3260849361738263,2.2284836330330995,2.2589341257626026,2.3502839278017476,2.3221169148282637,2.2037260410161053,2.22292524077408,2.157404603916563,2.274811407786478,2.2036918771777287,2.196061057554586,2.2649177523844983,2.2588810727101083,2.247130237794458,2.313263000314412,2.177696254756364,2.227206467098304,2.161797749314644,2.2459297919063643,2.233359261443439,2.3146236440016907,2.211059269099087,2.2283001997424234,2.288527189784764,2.1348959020910487,2.154945553489228,2.279555155675825,2.2395539647961824,2.237761673646565,2.1728493101749535,2.2584629312945825,2.2940675475837287,2.2561143200875846,2.1853953886357322,2.2449385057867577,2.2605568139960353,2.24799985511832,2.291892560804113,2.2306951077099098,2.2358998194790862,2.2305184608162674,2.2688161184367988,2.2035999160290523,2.311599597020953,2.2178229282154844,2.201686255249186,2.28635356943648,2.261295296235097,2.203265639214978,2.1688659006674924,2.2395743678377764,2.267185568265631,2.2522374617274603,2.204952483651681,2.1875311775914206,2.242444873218384,2.2458247484781184,2.2414023823445284,2.2544163919869993,2.2531040958672874,2.2136963472841713,2.171351487395931,2.2939987221583475,2.328393374486858,2.259268049644134,2.222471758597603,11180.735124889698
15,1.9833906626234588,2.104694409628596,2.1432403139581817,1.9912965188092664,2.186355832161457,2.199515886761263,2.1991606681330587,2.07792638189523,2.14708389019024,2.1441923242946164,2.18216647884671,2.143469136690166,2.103423175354875,2.167156511901559,2.1948862929494473,2.1641983689164364,2.105666917531531,2.1292841966511373,2.2025123075772206,2.2444098548532923,2.1565997789477653,2.2045206810829523,2.1569073603159463,2.1495284451441212,2.1401793271544185,2.2219445423658497,2.140188764994395,2.316876371048334,2.1640309686032024,2.1292484603726747,2.177891433238383,2.1830065799382385,2.2020013927908026,2.116207757729266,2.166963573358513,2.1863916317849044,2.1786759193423197,2.1979967248650585,2.186094087629356,2.1065095125726976,2.1448137164708987,2.1653448634582273,2.232339699149309,2.092352567349265,2.1207907656674694,2.1525183067488673,2.1593775524877343,2.206339826800582,2.137246028828267,2.2527170561133034,2.1122324660645844,2.18095582294427,2.104899436350946,2.1458161534615794,2.1568430513208536,2.1895834342581564,2.11668640757136,2.2090159448478746,2.1088589850708543,2.1124197016279296,2.218349960123424,2.247833837382188,2.1697145547836914,2.0987489461476545,2.146538201089293,2.1736085823318514,2.2006057924185543,2.1724606791555825,2.1511132560761075,2.1519966264739385,2.233821298473104,2.1946791686660356,2.178824851166415,2.129533205896786,2.1693993105864213,2.226936117144573,2.223546129724616,2.2888380651141924,2.2254663794905327,2.18585794270284,2.0475894413691647,2.1056983844466646,2.1936200172119236,2.2079764985119827,2.187709229751165,2.1984307388325885,2.2104673377130295,2.1705545039946967,2.0940864813105247,2.0828738073535704,2.1308801077662896,2.187705951544585,2.2299018248151468,2.1947906833605817,2.1451068043180626,2.2229966819670524,2.163362805181628,2.2233668637452264,2.157057616256851,2.176526885653898,10825.776039982586
16,2.2092313215913286,2.039337542235565,2.177889920651266,2.1347886532824463,2.1018566563453818,2.089914070176676,2.1351054551657227,2.124883695662153,2.24434847227717,2.166101342475496,2.1604607279458516,2.1930049110615197,2.261112566640826,2.2585575982053863,2.1312561432403037,2.204174236167554,2.2594718432854832,2.1937966719470996,2.2419675924761333,2.1613225827187925,2.223014891371108,2.193595789331983,2.234267837327696,2.20744398216973,2.1860599756374945,2.2067233974157934,2.2185660143905865,2.132518693515925,2.184923854268027,2.146448578561019,2.107646056160104,2.195464832778162,2.213149006337882,2.2015945013892355,2.1982222296314795,2.282036722676319,2.2467428977663757,2.1340262364631224,2.219397446562706,2.151543828686061,2.1743247940574832,2.1688995874680765,2.1715566463822635,2.161068759667828,2.2263661333710507,2.2718808839516074,2.2222980863182933,2.1504998657149197,2.2207322524686712,2.202635747006406,2.173566459163452,2.1383315646519088,2.1046113150150876,2.2034228223214627,2.188863767065401,2.281801310156738,2.1854623474572428,2.254466024480671,2.187369851937712,2.2036332355360613,2.17798550697518,2.1971082680911143,2.2049408610345385,2.189652916537442,2.261515899021981,2.200586043468715,2.1914471043284722,2.188735352090967,2.202646274132192,2.2170552816159512,2.1668730369456677,2.228932339680544,2.187895124089564,2.1708219339520136,2.176228540223465,2.2402495703279994,2.1731985737257853,2.2506684552128,2.126996477171482,2.225199905116365,2.209538183003354,2.2460174986432744,2.148157887407703,2.1353873155236767,2.1547861236699437,2.264560781099618,2.2159918502562346,2.1606581263090816,2.2238405834151833,2.2041289442935126,2.221305291830024,2.2567202315868546,2.2465670454731947,2.1868106024635794,2.2108194467248308,2.18234023489604,2.1524132593935206,2.149343460550592,2.2091782785550578,2.1687631852004223,10959.49130121116
17,1.9226238537607825,2.1290142230340536,2.1177095505867576,2.0759477480258877,2.104924604849816,2.142567004921338,2.250486726715788,2.1476015369813437,2.139258694320983,2.2335217917957144,2.2374006955661083,2.216106068375276,2.3054062361446936,2.099312424998517,2.192817471944426,2.198404414020304,2.1825579393667094,2.256439145351126,2.138744337210322,2.1809724296510016,2.19280077462546,2.2330354032883193,2.2158946652916685,2.147567408500687,2.248958343075722,2.218164865846235,2.261016259704813,2.1959943336114707,2.2506661275501454,2.260021785913523,2.191639608444352,2.176787920046115,2.093407996588777,2.236601326849887,2.2511290224718246,2.2804033848118577,2.183086106939511,2.260062346616628,2.294965454607062,2.250226683439143,2.2403371166391093,2.225724429259512,2.181215562115649,2.1923990581123105,2.2225025355930677,2.336137916177066,2.2579050514544488,2.1390221741657047,2.2822562175497247,2.1499664820991926,2.2574320220966007,2.272092949714276,2.256068804598861,2.2704164889316374,2.2162173303994877,2.223740731064523,2.2410710303040147,2.209126901722837,2.2247312695791113,2.3107778106076817,2.315429384857322,2.162136316369471,2.2162835616870677,2.209734221850019,2.180696858192978,2.146853272394227,2.242151196108151,2.1669645751291795,2.2468543119101625,2.174416781315907,2.0827532575680583,2.2401888965032426,2.290851058717127,2.1493264970521757,2.151022660271885,2.2346226630266828,2.2464678226438393,2.1384069279427127,2.2585816174194884,2.215443322878355,2.163349574698971,2.2489098445426716,2.2595068301798626,2.3161034232730775,2.2220107674513803,2.21699783027302,2.1448834712886278,2.2450077277922165,2.232428122944124,2.190036274005702,2.24080134310214,2.229299385130302,2.2657294875045655,2.230255751369885,2.185031005233028,2.1775912764850176,2.136031191756083,2.2784307620107698,2.1312043581289184,2.2154006586909296,11041.079144386416
18,2.0571943028689743,2.019746723539936,2.001516724631496,2.143045688257628,2.0522238212155766,2.0351101719449827,2.10166882110611,2.103481363220423,2.024206938918207,2.1496450599096586,2.1381952123680015,2.12149238529785,2.143838101126627,2.151273599266539,2.0491076396246646,2.139593956823411,2.121880356882798,2.0885521109183496,2.1365799878898786,2.1004613553728553,2.0757100062272262,2.115239062456627,2.0859451312767088,2.1975641540373716,2.0984789834504487,2.0347404820820056,2.1689152739097497,2.1055801588664402,2.0792692730503144,2.076637336487427,2.0704635401337756,2.1648683691473387,2.237861900819537,2.1832478026136997,2.046468887955607,2.1009113439563336,2.1339375142064574,2.0511517637909233,2.1110418505596154,2.102746972002681,2.134980009824952,2.083547598646102,2.1516691576728557,2.111198785596991,2.0980467043708515,2.127199528559588,2.0798446287662777,2.1917127864347763,2.115294785263675,2.1457046368534973,2.0983000892228634,2.232899196261264,2.120246877418203,2.1225305451366925,2.1507182415009574,2.05906257223691,2.11954200179205,2.0676306846525985,2.1314715942922344,2.110364956274148,2.155264125155593,2.1668265267455347,2.084644586427807,2.1544688253621,2.104005766658794,2.123514408465991,2.1386687491769556,2.0868488808383723,2.164396404268412,2.1808510986083554,2.118965786227634,2.13353840308064,2.20497846439979,2.1116279729665486,2.10912286331213,2.1210136478543675,2.154392629238399,2.06569926578894,2.125352600926696,2.168902652244033,2.2323434309171817,2.08435375160787,2.094603328686453,2.1387823274716995,2.136084308002059,2.0257949262061117,2.0415129577711433,2.0762564805708656,2.102510861035731,2.0763689338087548,2.071696617889582,2.106997082065732,2.1085021492562563,2.067277445817402,2.2012051988358614,2.0668734773490427,2.2064227007228236,2.11514954706941,2.1650369764915247,2.1321180551400216,10574.726686172718
19,2.058027170288309,2.070976778939745,2.099059773671469,2.1274864040840518,2.108624598458327,2.264250923921329,2.31470432805075,2.1158979407306076,2.147310732517754,2.286277297285272,2.1899951358643164,2.2301263943211023,2.284558110705948,2.267323003346646,2.2850543869051334,2.2599159306253775,2.2382461438793335,2.305310375757587,2.270324303189089,2.2503803801086955,2.230168388875016,2.185465070436003,2.230062567410045,2.2235254456216946,2.255671975277395,2.3307324222982335,2.1881118315517627,2.2558550658588534,2.2228519563245133,2.239341258443217,2.280769325443746,2.264207024954905,2.2580435126693095,2.2166064493889035,2.202909817285727,2.30254550659312,2.274014742871742,2.289089885504197,2.2961050357321766,2.217202255270241,2.4010354003647,2.2890677441763123,2.387845977108937,2.1746533552477194,2.2520971466009265,2.3283700316787934,2.209696184344808,2.2876701964179613,2.366408738060726,2.3017427871612512,2.3184645093954934,2.343317735882347,2.3022574118397046,2.2722681574209473,2.321112562387466,2.3093211721918645,2.2727008089647494,2.1603248418497665,2.184983218373224,2.241411106778169,2.29895440984137,2.180414712731187,2.243277306613066,2.2387735380840534,2.2412933038380114,2.2582917255526214,2.297735225162236,2.2546403522217373,2.2027144397553204,2.2495539810216676,2.2046904341928264,2.3007103165164002,2.4341056583947243,2.3936583154258013,2.1855273468851157,2.297747161298977,2.194766251356831,2.2585591057179046,2.170923712240695,2.2010836788119894,2.1794852999004792,2.143542566741827,2.2934185921790426,2.286115352451401,2.3127837326371115,2.281464218555437,2.243216313987339,2.293244644515653,2.1641298430600515,2.323102093070766,2.2790764772722216,2.3236535313377096,2.3220897995333187,2.303583498631833,2.2541099357380845,2.2095667467445916,2.2761127739300644,2.229859035228074,2.241108886349017,2.3494891327890524,11263.922609351157
20,1.9353741480254547,1.9861320018334667,1.995040140828034,2.0262775427789204,2.1781297633730383,1.978612954235644,2.0911961575177402,2.079810258195981,2.0139851605405514,2.108010055725686,2.148319708219543,2.013869196478525,2.1864579015975663,2.1443364619573764,2.08110371053943,2.116329775969721,2.028442658123032,2.0781839224549765,2.1971760470650383,2.0865388315632014,2.074007212464233,2.153251999696392,2.1538500228562487,2.201318420494383,2.045345899234965,2.1741843443467515,2.117143113649197,2.141820869131803,2.0837189068578352,2.11212674037436,2.0521593057452163,2.117629361259471,2.1334765901543196,2.081900783318976,2.0107827589619918,2.113270342601757,2.1307058538973154,2.1272012387740706,2.1441877986374824,2.1545762351392637,2.1105259907971,2.144094904318657,2.108507428740939,2.052290672570844,1.9945149398655622,2.0649894582021986,2.1001807008086035,2.0623707399594,2.122958301024467,2.204682835208415,1.983041668107532,2.120340846978856,2.0461399070856667,2.1017019491526745,2.086752860067909,2.1207076681225208,2.1580461625099243,2.0630233469164314,2.062066145028212,2.0736221878670444,1.977372102616773,2.109514428956327,2.089403558570984,2.149101513018454,2.1751587735309736,2.1748443314723502,2.0242923411962,2.041058593267479,2.1431277287639525,2.048581519665622,2.135381249228176,2.132352910075541,2.0601369892211867,2.049570959856962,2.182144435948972,2.028216595445204,2.0952719234531325,2.098677906254494,2.033447449882412,2.040110111275551,2.1075937833541105,2.017315566279104,2.0153655044852665,1.9913752335128405,2.149047435997104,2.166840824561015,2.0374637993769005,2.0838233958140173,2.124228067290673,2.1395310151234592,2.0421204035333056,2.0580307304508416,2.0303944008798473,2.097629020386536,2.126828663143873,2.019793127417486,2.0324153344769162,2.042048445791734,2.064370269812613,2.0329751288349285,10437.174924008761
21,2.0913414413067164,1.9953486739744237,1.9736442586974232,2.1224439329949183,2.082416363659216,2.0543174584071973,2.0936573428694545,2.155743756343594,2.1240039005941527,2.135251788237547,2.1530174186950517,2.124740563784192,2.0956137963120516,2.205718576803112,2.1243721681095225,2.1797593827510426,2.2071587549488236,2.0775181709850705,2.251325891427145,2.212953452569198,2.0281433322355493,2.149022716678402,2.1217626156310434,2.0756777892908933,2.0916237483062865,2.096977531134466,2.1282222162256117,2.174339872655774,2.0566454327054897,2.0799276021404514,2.026927233817867,2.104547922792226,2.2655817828955747,2.250899935587703,2.095881074315801,2.1085663083224886,2.112658822083665,2.225418314948357,2.1540483622171798,2.1455672746884598,2.2314245192388515,2.188880335961821,2.09541962540017,2.044931808936766,2.1473522777150853,2.0405674880029903,2.0855724645436684,2.0333707616743144,2.097285874069277,2.139476620337042,2.132165984745397,2.108612268186774,2.1014673357549354,2.1410233142122843,2.08836885685969,2.078169789663634,2.132930402034436,2.061924521116774,2.0963549450371426,2.071904001135433,2.1811038109469147,2.147162730477412,2.152465557780591,2.100463570941869,2.0327495591353832,2.0495628358946867,2.123105124666905,2.0509369937402857,2.10729280768124,2.10254793704545,2.122188744157495,2.1368379003537568,2.055913877608449,2.1344195299495046,2.1461626454290443,2.1367518955928273,2.059733226576739,2.1414267125245403,2.087488113088548,2.1311263728082475,2.0973117532155383,2.1497300464431492,2.0426570995670614,2.1322549371797406,2.1144696473192424,2.0672947445198284,2.0658314049985056,2.1510402681619123,2.0520918700348467,2.0922662722353227,2.0203952033539365,2.053890381329801,2.097952200478484,2.0974217452924684,2.1176821097824954,2.102246617980553,2.145004497935244,2.1985489365862607,2.1365414581810884,2.025020351409339,10561.454083458719
22,2.0508073592404585,2.140739911877607,2.0767766808958616,2.162089840112567,2.1271601136184133,2.117532578111441,2.1550547928085164,2.1414980003705724,2.213793196725946,2.1849202133018353,2.15204289890099,2.283611629883282,2.2958298556539507,2.165374762552547,2.241459091912408,2.2115374272586656,2.1604231408838355,2.1795473226613398,2.1659203597384504,2.243737896924185,2.2443966474069783,2.229111712825789,2.2711389849235673,2.315346683723039,2.2650888402570315,2.122545113721239,2.26947738132742,2.1508457994264165,2.3024995449033723,2.213099263766037,2.259355627178451,2.2704314492249154,2.2990290138037905,2.2064557300696546,2.2293289902920863,2.195037687237075,2.187293556769913,2.1641896224995456,2.256392910846835,2.233546950971266,2.2441720984758984,2.296517039217793,2.1903769904184447,2.1930820474664614,2.2668598975711056,2.200118272552504,2.2372510639422725,2.2238256079834575,2.2635823327601203,2.1725044450457967,2.2161348665569576,2.211200928366748,2.1911911738935457,2.2537124652291194,2.1848660278405907,2.2139527847544263,2.119965776352555,2.2377676094620886,2.1906285082220274,2.1572163320673066,2.188602597894892,2.2435446131117316,2.2339746805331324,2.2081394684466584,2.214454040529363,2.236475462381174,2.1876161803827525,2.2983879704472407,2.263778410859916,2.2986533692569378,2.161958974614439,2.2559590149131252,2.2964868591234726,2.189686128869441,2.26056817838657,2.244173663618608,2.1584710672939496,2.157099138614901,2.1850337449101143,2.293587226362557,2.1814628030521632,2.235698464422786,2.2152958120527715,2.195274099244788,2.215395476355238,2.2668334549088405,2.1957630185452137,2.244892493395975,2.2844385639801827,2.087268060812917,2.1537361363231606,2.2832522251241194,2.2221024555899853,2.161424581967387,2.2139657659228322,2.2701417158639536,2.17809562311091,2.2953111144088427,2.215677459422189,2.2044887277475853,11065.828184779468
23,2.0600211047154864,2.1062132607925075,2.1952395116597554,2.1914339949694805,2.148245726174969,2.1920307615165573,2.154154264818302,2.1908819957389314,2.2541152189617177,2.215012269380417,2.244397417883283,2.2294371312417396,2.21502352142891,2.2696262783041696,2.2744248696082603,2.235689546940082,2.2528056202693243,2.250483538737011,2.2387354402854442,2.284298928080522,2.180854201507378,2.239548866757407,2.344628209926909,2.197678917275121,2.249172716954441,2.252128079092964,2.316788553107513,2.2050857228131737,2.262233491777732,2.16863143586564,2.2290557484238445,2.214557675058365,2.2586582384358773,2.1939316590933067,2.2582756304442935,2.2280323599002068,2.191306747325852,2.2668874732404465,2.2582621371444156,2.2294622215898077,2.263803965446068,2.2131432085964646,2.273901479469141,2.279685912462593,2.1987860245466164,2.2876155880212,2.2116889337708225,2.2351901627193023,2.252239258139577,2.225914103498431,2.3256360264771767,2.2550213438605202,2.226302323855919,2.3183038309799007,2.2297189472437986,2.218146820740104,2.214502982445232,2.2588895384050733,2.2295375800906374,2.286176196147454,2.265270197434358,2.299766206457148,2.3319607864224783,2.2891712074794826,2.2249028659854164,2.278400559245148,2.271792877429452,2.218212580979806,2.217124313880847,2.3205316669379745,2.2329347266657007,2.2367985834286213,2.2319764847287944,2.14836495196261,2.2149991785027954,2.2183926958994475,2.181075610707099,2.326826030045715,2.1775123812002706,2.2099481049786305,2.203756471684828,2.247479949029668,2.2748735332502275,2.221481009146684,2.312727794862097,2.2673329387388295,2.268308946623473,2.1811825348088734,2.242495132075844,2.3763840248448207,2.301349767289642,2.229328645003608,2.2565072745924613,2.252834037886734,2.3055757640421484,2.252825170290602,2.1848382701873716,2.2056659907983485,2.236022035184032,2.204993729177106,11193.67898720234
24,2.107115055135147,2.016489681647619,2.0203455664857817,2.0149679330492187,2.0511319840642854,2.0168563000716677,1.9804288973186477,2.1285855390876076,2.0420728601009843,2.12881998374461,2.018479811671234,2.1351161181195213,2.1751812708521925,2.161866931274224,2.1833721250936176,2.0668417622813675,2.1187675961729164,2.1852941009686373,2.1085813595155205,2.084747336472035,2.1528896233710686,2.1506208915164446,2.10957425874682,2.1405450138697177,2.1144213631923305,2.0637271189698287,2.1104334881224007,2.172825845224494,2.2252045926680153,2.16526273781935,2.179511283110984,2.132052629385749,2.088217851796515,2.082614040328645,2.1684013315651134,2.205665473688811,2.208099484970896,2.143173709816404,2.2602842895059556,2.0487572032297576,2.121073436527396,2.017472368296592,2.2287067824688127,2.159480690756144,2.063195819624839,2.206525712417152,2.1122746395281893,2.0639089413533425,2.1700929100637545,2.215981665473136,2.1632026833379085,2.112794525616442,2.189194933958741,2.037322085906744,2.178247082765781,2.0612354487274467,2.2524653398241985,2.1963180150807777,2.1198377550054848,2.0166917622649683,2.1680469276435663,2.1081577864955046,2.172298044515087,2.1376502334659375,2.252639128121993,2.189056461499076,2.0776546746224165,2.1739646543637074,2.234391005104162,2.1529278660047906,2.189057536379005,2.0466968356407795,2.20667664141012,2.0703121842311534,2.1606951342544733,2.1069128619826407,2.0817127338573926,2.252461388424527,2.1168139913104707,2.1371414250855083,2.207109910204133,2.164629598255287,2.1354030373249504,2.1959869245442576,2.1473247937437874,2.1079286262496866,2.137611541120273,2.190025188705842,2.136219280471305,2.085794280023623,2.2223697326932625,2.1029238810677335,2.0552783308414857,2.1831805704436866,2.1086472321191536,2.2291830666790444,2.1469760046343804,2.2740902916705195,2.139633933611252,2.1250003492454113,10674.197556554269
25,2.018940351464526,2.0330593057091284,2.1406405605001466,2.0803465329320363,2.1376031037998477,2.0425048989514982,1.9527657615619018,2.088877065133434,2.227037965819269,2.1112168187305955,2.2618686881543537,2.1147712151138505,2.165322562800012,2.1889705050890917,2.195033986507437,2.302436447220135,2.1625389194633837,2.1928077384216054,2.3011528539223973,2.21300153125841,2.149457396904493,2.180302948587067,2.1885816699068585,2.2433427459797324,2.179007259161741,2.0588300543305107,2.226966885137177,2.25525513448974,2.2567503849037203,2.2047908518451136,2.24297348144237,2.274178339415756,2.281450762951213,2.268236250357808,2.2347832267437457,2.301507352270447,2.0750490233778636,2.279041186752059,2.288133208561074,2.1779433920753344,2.1844969026179286,2.253941462145128,2.270455209718967,2.190780854434692,2.1355711382597278,2.0906111646210124,2.27220720951656,2.1378055251271464,2.195448741907877,2.311846050944025,2.267829282993871,2.347168485206371,2.1693666389492083,2.242994151931501,2.2248536751808854,2.290157689891536,2.303420933812427,2.160626699087891,2.240931872939234,2.2683116515166657,2.291023704463464,2.191707336228415,2.2923309783016426,2.224597003039618,2.259578065826551,2.2862815669588423,2.272204920039788,2.238811609824436,2.2285452265867245,2.2735344977554686,2.3358034412493383,2.208586463827221,2.0695375646116614,2.2785111385515733,2.2187907753470437,2.1200540632319305,2.2047788500215693,2.2184377016545564,2.140980272380881,2.122050435778888,2.1581763350344794,2.2229986718538246,2.271136639643977,2.1918303753273314,2.2891548950895864,2.3465311673287603,2.2675662709811792,2.217802133116956,2.311682569902208,2.1496175784440474,2.2765651024873543,2.171610803142956,2.2592976459482546,2.1388885139970397,2.2605795378059255,2.448527460222376,2.2697525510736325,2.2939623691633377,2.2808063525541895,2.2240150564011216,11069.147567687385
26,2.007355823905251,2.001074478081753,2.0234480465713576,2.109031071896403,2.0177080961368556,2.1860212799584944,2.121539001691357,2.0407242262620344,2.1807521502888063,2.129055450823639,2.1213788048790683,2.157774609626315,2.1806515200251257,2.23772401551522,2.1152563405929787,2.103507327803202,2.1353635528581476,2.198845839587465,2.081101860832513,2.1707105043981056,2.179819131154019,2.2402960067866555,2.2515625112753166,2.115255162828965,2.145575328979922,2.154765609936941,2.2596355866228772,2.1857173561542265,2.207556939651059,2.116634357876033,2.15981145993671,2.04020740042013,2.1983530796196185,2.1864759293172784,2.143384440073733,2.2109286030113884,2.200855690461905,2.174785869568892,2.156306143536054,2.0872922740531727,2.1765165631499332,2.241019780062514,2.114220467781367,2.1391392064389967,2.129581580834735,2.229985220317488,2.0530307098188456,2.181137838034684,2.1394198078364766,2.2467665799979675,2.1590408460635055,2.2882513398240563,2.130753540140751,2.216071698589116,2.2618137581486932,2.105238490816199,2.1631981180964783,2.058881391895498,2.0865859830009255,2.222829585635973,2.1876432628653153,2.1864323104875454,2.21859379280974,2.195450573789075,2.2127216438976687,2.236013644442952,2.206872838605034,2.192915539881948,2.2078787008001974,2.2363017913369454,2.2363213818295544,2.160387136138284,2.0797282878275443,2.2172507594187087,2.23682598833358,2.1703816412077668,2.152423082425975,2.1560488007823717,2.341843325212362,2.2347451408350647,2.274087832761243,2.144884656970933,2.170356165610676,2.1085520031175524,2.1014822489393286,2.257161781175818,2.1049766345080236,2.1583741055483894,2.2406078646101943,2.1405881467165155,2.1550520729073828,2.1755211883092698,2.1221973755058183,2.175472968683174,2.1418873839010817,2.202839593950244,2.158100459980585,2.1808541721685732,2.187105175479986,2.2065347301684906,10827.557079671205
27,2.1006333263168706,2.227781414475964,2.274320648875613,2.2208415042239404,2.2203983570809407,2.312067814120357,2.152829305397333,2.3609389150543962,2.226232367782049,2.2434522890733013,2.233947259349369,2.282020889510921,2.192091701885471,2.1757257303121236,2.252326742817502,2.2825081087111814,2.24926277771838,2.18802820029931,2.194294054169261,2.2112872040272853,2.2125758474240267,2.2434615219757337,2.1898550848856133,2.251444087983936,2.2204542016524282,2.3041866001526428,2.2088518974972318,2.224334900798423,2.2836320618335733,2.1763716580168144,2.1434578751764137,2.2547358934658495,2.2381264478625167,2.343428096394195,2.3157516534788094,2.2601989639629703,2.274432420686868,2.252344951932024,2.158294938070089,2.269905529593456,2.236906311837991,2.2785887487261776,2.2369572149430494,2.238773829852041,2.266739053182281,2.1604285129638283,2.318517947582676,2.2022195626195606,2.2304692760781086,2.281864851449004,2.3075414574825417,2.2934560050734127,2.2518639755012684,2.3079380188939895,2.3196891947957274,2.218147829009543,2.278551232533245,2.249324190065648,2.2718872186136942,2.2205230712469297,2.254439508390931,2.3379629436811125,2.262380190047945,2.2026051626097796,2.176126537794524,2.2840735064279283,2.287035522003454,2.2530768743693574,2.090978499255484,2.2380969443049965,2.1977498445820074,2.179786553789297,2.218808137931786,2.304422565737791,2.3131246504246636,2.273152269172927,2.3159433100096787,2.3210419855690683,2.180850248986358,2.2097157143124146,2.155460788159923,2.219206995458033,2.2282089743314204,2.3013156327337505,2.257757351344293,2.1646037885052887,2.1559530673400142,2.2139468737832417,2.2586824244732076,2.22007572715401,2.304897688480569,2.2633137454992034,2.227185040632217,2.216066135275842,2.1389221270489975,2.288265636874745,2.2241562184916166,2.261193944773714,2.294513298602508,2.2623756951626763,11207.734643501133
28,2.038553628108643,2.0439125745759488,1.974065820798435,2.0555301513414013,2.0043630801753323,2.0146479283192993,2.023813184083585,2.159017523226537,2.0828538121559377,2.1459462805413487,2.1943643368803443,2.1706667045829695,2.0724721493304745,2.10206510657122,2.153719007134479,2.0773724665795155,2.1470572235341434,2.142787383688903,2.1465736356722505,2.1232001101350577,2.155422208098336,2.2525258712240595,2.183539495537155,2.2083863757222657,2.037714430086094,2.171935036597569,2.154316698604192,2.1179320979378105,2.1254949169747297,2.2323160254208845,2.001067961690451,2.1911719176847653,2.080979306651295,2.168564206511394,2.0257085016756706,2.143455315913633,2.1391206164404557,2.1203340315422032,2.1336322393796037,2.189065060007771,2.137029148486791,2.1675366059047714,2.1704080394919605,2.193426165875301,2.2136281071280934,2.1446093658840644,2.252225019919349,2.091939024863636,2.2069035610063605,2.2003852222374523,2.027523462991369,2.194144970171163,2.1252722955949337,2.2091524503369073,2.1551521211366786,2.184114331146974,2.1081264163297515,2.1444172271334705,2.1097785925639188,2.1941312116141765,2.3366641044414087,2.1294484056876986,2.117667787735124,2.201608992897759,2.116270366732017,2.327872357246707,2.1481565246157834,2.3033646668248,2.071188941511661,2.21959386585348,2.1218329619995115,2.138855196999704,2.2159467750842303,2.2294425760567775,2.2713989384540287,2.1803640829143363,2.1407320472869578,2.0980953954268373,2.14297880242102,2.0950417327499986,2.1498977884576593,2.284746902863123,2.04181129032025,2.1438502126772687,2.180035926236435,2.0990624665371804,2.2379896569016777,2.1267399629685735,2.1883343371220274,2.2556315039407577,2.1513411229725676,2.0991724325430017,2.2285183212554767,2.254984520521486,2.1854011670644953,2.1514007572372984,2.2736329044896566,2.184959099821349,2.1089954649158464,2.0850884147301945,10748.684326873472
29,2.0169030291229895,1.9117886059572151,1.9266567249178848,2.054498670236857,1.931995045021944,1.948662245547395,2.0395021831955735,2.134185581729729,2.128128699179416,1.9975021953302048,2.1071347753567324,2.0329459565070565,2.0188775940815957,2.06965574962766,2.0847332362126427,2.0194422940354655,2.0638226813773635,2.027289340328334,2.105650742597669,2.097325097860527,2.1825096729879365,2.121838208491649,2.1280283993406437,2.2052208779785527,2.1090854194737862,2.067986655447371,2.0726330213749034,2.1409247698133322,2.0968662822548225,2.104143449265446,1.9488862649574386,1.941517632255764,1.9956194813318981,2.2657128759714964,2.1336747364730106,2.1668869337174965,1.950681230877876,2.1273328909552336,1.9784475077929724,2.106926128584304,2.1417544381826654,2.1284618642834086,2.161182441697969,2.003417705098642,2.0052313806088025,2.0637114148644344,2.0174474584085673,2.142219149801321,2.10055378958365,2.0464449732766936,2.140442377212445,2.075154908150086,2.0994019145624234,2.0661945869719984,2.036711937391075,2.054206545877237,2.081366183329716,2.199158454402213,2.0494367665272826,2.0863554810409255,2.0786244244300662,2.048952654036991,2.1271182335576757,2.139913487232592,2.224305832692211,2.1475187927722343,2.0051211309651906,2.1172321275067745,2.1286124081926165,2.1030644485533294,2.0680183993088295,2.176979772305562,2.1822612792938574,2.061609337601476,2.122238223094135,2.1276257049435023,2.061774572063743,2.0805552333510935,2.0144813423854635,2.116814284491469,2.1658221854636883,2.068713933408235,2.0675331540247095,2.066063069389121,2.1228846052871146,2.135612475122095,2.1227158094220293,2.0433471065942657,2.144137197566646,2.0924605194607415,2.193456213303491,2.218958469994692,2.0979649781380982,2.096662646401606,2.217788432164773,2.088406774313291,1.9909342356548445,2.1095219533900753,2.090140624315091,2.1543850554249535,10434.040389323005
30,2.130160810158571,2.2441964622708084,2.0867447873785356,2.189746995346495,2.159636978933469,2.303498500905027,2.1577427339963258,2.2411111414087763,2.2761354906711952,2.3075435995826887,2.0998110386845497,2.166152632916067,2.180592990960968,2.281431668594186,2.2256054969423316,2.288055929874959,2.2580704971330094,2.2955702500092787,2.191814839344985,2.239874528388857,2.134302532379821,2.3592696071387547,2.3298047275402975,2.192889443476051,2.263665492601448,2.231462761182639,2.252785103577711,2.204716676773879,2.3143243413143466,2.2879964934536092,2.263061807753827,2.270645077226303,2.1972243739245267,2.2263811746217668,2.225743539319374,2.196005558195284,2.1347628925634927,2.0786842074581053,2.223530455312418,2.1843197633120237,2.2127356190711285,2.243410064638117,2.235620475354107,2.260759539720858,2.230899652898953,2.2033026167815257,2.1895976735737452,2.1659971878638573,2.2784708566861296,2.1688643660052564,2.198164501579805,2.1916214721090936,2.1511428233929344,2.301483392396659,2.2493194326197368,2.1988586242991524,2.2160148199535983,2.2588955292840307,2.27459348338797,2.1891277292571116,2.2328865717218527,2.2639343101297844,2.2374034841679604,2.2996609006442297,2.2226569341557076,2.1925023010333358,2.3115204528243036,2.1534765996456056,2.2335648446071623,2.2344938559566963,2.255500477042973,2.230614254510591,2.2969239647628834,2.2316472523065833,2.1984177857135028,2.1806570033487542,2.2978162487229956,2.2806817350339688,2.2397502442851174,2.2736141210970384,2.1003518481257064,2.2487264114565546,2.1249022399010737,2.169785793983752,2.186409716865584,2.2031302895113853,2.262824897924758,2.2339468845685997,2.1449992955583195,2.3350407005795453,2.1900377513052605,2.165234737861756,2.2571358049524752,2.2523795922181487,2.2667379779077814,2.266719060120676,2.172126578406545,2.1354951060972067,2.2404207902662465,2.216120110674089,11117.710109674852
31,1.9563284803319891,2.071062164080242,2.122811165193896,1.9822719501881607,2.135724271951763,2.0534676032041452,2.1214943506914468,2.301545213766745,2.242914997764379,2.2646807296357103,2.133837709211722,2.167508914997714,2.3119162160671856,2.272775818870214,2.1076970703313918,2.272859759729152,2.212020305039766,2.2413473324897812,2.0855982122030494,2.167250304683855,2.2585372377469755,2.2535470152593704,2.2706934466624644,2.201507893695142,2.226364318534319,2.1551387946819616,2.218202254062264,2.20419258797516,2.105906187406519,2.1736558067937115,2.1924746607835965,2.2103872729732985,2.137243229502085,2.207713493467331,2.12048150577948,2.19117308939528,2.231188040048675,2.273948298295408,2.190371169885457,2.094354574949173,2.1986222599044742,2.171354729652218,2.1191172799873432,2.2179623384058877,2.3157721472031865,2.234379861182381,2.173304122944423,2.213520277708011,2.153017465151672,2.2566235137071486,2.2179111642116625,2.3024218302952404,2.2800572467896,2.2476131146439426,2.1497940993033717,2.144528720052478,2.165491452067086,2.281534542304991,2.194961653414343,2.197938611355951,2.217074203032031,2.161935694632092,2.2340640511740504,2.212843612688581,2.2571432826620605,2.228217189465798,2.190313802495083,2.099696928692344,2.166394277061501,2.2445984006499136,2.1240962474316354,2.2472600653138812,2.2020282386646337,2.023400036887573,2.224158975096681,2.1665508515712735,2.204158601752886,2.208482188055938,2.161445501960491,2.177811553470946,2.175605711055706,2.143607422980834,2.198534312198935,2.1853214622040507,2.113298793522832,2.199500760457141,2.079081426416833,2.158340890388824,2.192198334641439,2.285623066045702,2.262529275671604,2.1808805553613633,2.177024406896552,2.1569058421253082,2.211164923427326,2.2297261232881294,2.2718042729815657,2.2847717520536053,2.1963541435926897,2.2136618175899243,10952.286443713758
32,1.9310483711612283,2.064249355846772,2.0278754519955124,2.052627677315412,1.9741870605856269,1.9894050871492288,2.155455033794994,2.1652039784156876,2.1260134423899695,2.1569802364064965,2.1550210803325647,2.1839824651365536,2.0783116380497337,2.139593188391754,2.1437507201757677,2.065056327702513,2.135962495790213,2.1343730570056145,2.219864355022793,2.1560869657900237,2.0934556210778466,2.17936013230987,2.0974139271670786,2.1155806725054838,2.1484073505907166,2.1307274172700796,2.1203027582482425,2.096581605279793,2.1465565890783775,2.1381232184468644,2.1680628721848025,2.1979973816646656,2.2490123626513796,2.103911075559238,2.159233004467621,2.162993993840095,2.0823938036248055,2.1161822978072493,2.2039010687152008,2.163779636858073,2.128798824553143,2.1229450973911512,2.0788461389713775,2.1299012897380702,2.13575309477867,2.049655238730452,2.1551060232289685,2.143370478891627,2.122724493452128,2.1513332448771103,2.121779907364753,2.142538577878365,2.1385449762921187,2.205364755840617,2.1078217205245964,2.1876495414341557,2.107356764719008,2.1647295687053476,2.1750208073309163,2.134277344204294,2.1173097780322836,2.1611970613233122,2.0804291519664564,2.0670615763497535,2.199981416678332,2.1493731368930096,2.1298168608664603,2.2059980974240396,2.1543110157982364,2.177463476203874,2.047960960824338,2.162266683351064,2.1581004783754643,2.102563628416235,2.1729557924444975,2.1732842392341643,2.081441633491344,2.135419287521385,2.1062651257737475,2.195757879199672,2.117783768722155,2.0911444515165165,2.0485856478303988,2.1930116637926194,2.2346782863188364,2.2256845266836907,2.1649466513644993,2.252569056792651,2.1382348285063166,2.159498635613359,2.1415634596420223,2.1956487655758785,2.0632050317017607,2.14495183262683,2.2178868648311956,2.1909598560747554,2.1672540597422745,2.222806065460613,2.179682705156106,2.1437923467552773,10685.269422579413
33,2.031447454785975,2.035271274036069,2.1782154712333477,2.1911474532318236,2.065353500280686,2.0543826705363233,2.1650916135995466,2.2445543505012395,2.083265859957676,2.1288067725670285,2.1653550645665125,2.195409978710659,2.150629124377363,2.1963076082394246,2.168794171011456,2.1693996804954985,2.0982124074588744,2.202249853571484,2.104720679337579,2.176575557997793,2.2816166497606196,2.0544814697514773,2.1656886350078803,2.3044458240304473,2.2376897315716926,2.210146404011131,2.1212069761104155,2.1636427258864255,2.156271738552364,2.302297455472292,2.2104665185355468,2.18725095290523,2.1570901880094935,2.0771527367971174,2.1967056853452873,2.118306054802664,2.0848882603383583,2.1467981995809713,2.2696343677448514,2.2049016446783116,2.245411297442091,2.025082138695877,2.223830052845808,2.2206659889011235,2.198644440240274,2.0953385482133755,2.1998853931810216,2.153918207882312,2.1477395508724855,2.305045995507533,2.0547201239903323,2.0162072392911714,2.1159118078833945,2.2132203083979043,2.2273876820634997,2.265446789211713,2.1100711288022906,2.201680988795016,2.098754690150798,2.076271586031709,2.142381832551949,2.107554628499555,2.1190678511105996,2.1133943261385064,2.1512452098083235,2.096808603182108,2.095947688003753,2.12756479541714,2.2086728755552296,2.162120148291626,2.1606319435635415,2.2247834960217014,2.220247516108854,2.2280403404513276,2.0830662565029616,2.219810645002552,2.1904413122630184,2.187731559686828,2.1046247522453565,2.237745732903527,2.210815685337509,2.1447069935278735,2.179714183049067,2.2161347973519834,2.1239833227491527,2.1232112798146234,2.1368284969248412,2.1998027746811464,2.187070998965769,2.11373351799281,2.068209840117155,2.1209125730201683,2.192831136041257,2.0966016980308497,2.0707407319434283,2.0617088514966384,2.0514040462069882,2.1120162574049295,2.139793319697419,2.1550132032737563,10776.911097236223
34,2.087255237833567,2.1293574845008982,2.0278350237556273,2.164219105854868,2.153068346276585,2.116190399665442,2.1698722925299956,2.1543707323952908,2.1970624824450193,2.1849864161962214,2.32028892794215,2.1850136142478926,2.2510346343291534,2.249286927508692,2.166417199967023,2.232400944270662,2.238170598285903,2.287815415717471,2.2453845302205253,2.2768098003616397,2.284890646860574,2.27645234088489,2.186383384645486,2.1767744241025695,2.2123081034590872,2.2564882215104705,2.230674427649746,2.1897468880990743,2.3303748134870146,2.251931908092646,2.311996518658602,2.2683347872570314,2.291477986041231,2.2177012549033703,2.27490601029374,2.315049364667197,2.244464252476651,2.1342106663597327,2.2441705483783223,2.1080646387526394,2.274942768285418,2.2615641598889535,2.2135852896979724,2.2504184198078327,2.3680570679695268,2.288341706498266,2.2839229904066163,2.1741036557627136,2.245526194249206,2.32445927377148,2.257107999421163,2.2450597650822552,2.248896357619575,2.31750660956176,2.313901918085399,2.2672548339285385,2.2092479686963786,2.2667074807790253,2.1641726788673448,2.2948169351970935,2.28264984452188,2.2916803813960565,2.25645729438403,2.2954834257048513,2.2589814131940646,2.255328093727423,2.3186049581368398,2.249419288601574,2.2408483376641986,2.192920131546955,2.2597442695456538,2.290903794006996,2.2935891265629405,2.267522306521022,2.2509414042164546,2.2465450122736046,2.307309802666184,2.224922799767328,2.321461354113362,2.206864473649509,2.315437009575499,2.24047845645873,2.262696146591198,2.217717476695878,2.370171542646178,2.1539083336348015,2.2404542968038723,2.299621760934041,2.268453900339787,2.288279457178386,2.2457092185267014,2.270259458566712,2.24870387481091,2.269841224554668,2.2602294958015645,2.2381015159526068,2.2804943383720278,2.2784452292701465,2.2546926047402227,2.3403527440033347,11228.45304860597
35,1.887781096635655,1.9515693311885842,1.9904144025516326,1.9639155449690495,2.1270390156895917,1.9725140468534625,2.1060043539498956,2.2001267381150167,2.118661818879393,2.156290687664229,2.0279526424537493,1.9964138574547596,2.0426959497570043,2.0845193540289166,2.115318790795158,2.0818448540320977,2.1158541003632445,2.13152896685025,2.005275716676148,2.1552779221595575,2.124385391031881,2.0748538193336703,2.1486878704339762,2.04105456671709,2.0334010542856396,1.9848784149114655,2.083080901253052,2.0495193300030836,2.100739872196284,2.059848034628193,2.24139440629142,2.111593614472938,2.040805363920737,2.154897558926409,2.158829711675504,2.048743248812524,2.080533837309845,2.09368559437772,2.0653596639054483,2.098696861407099,2.1150870234220553,2.069181481532394,2.1002477427029107,2.1315133157603854,2.1579068049297017,2.106128161018836,2.277274468930069,2.1266158594484215,2.1263917889589536,2.140262198187012,2.055616018039,2.1474748719288526,2.0940195741614294,2.2001288324191814,2.1194027264836577,2.11150355080232,2.168528441278998,2.191917152037016,2.1202398348627374,2.0830473790474273,2.0024821150806766,2.1401648333046435,2.035347439516953,2.142505924904398,2.0147148322114146,2.18351207745334,2.2144713104746,1.986948449463516,2.10648557121225,2.074170285401978,2.1778040964621748,1.9929166943856762,2.0954344313830147,2.2174960700837696,2.1731132059323235,2.137715433025638,2.0865391623904044,2.187887888048098,2.18444140272104,2.2017988442785263,2.1140906337876095,2.099501586733938,2.1298888104005815,2.2223324484050515,2.146808860289685,2.160511106755446,2.078535929869467,2.0889792380159555,2.0832477098653244,2.0912020453320905,2.14098037243222,2.1630890314464977,2.005153448941868,2.043381326129344,2.115800541162456,2.1470418032530145,2.1712822870692023,2.2979398297816567,2.0223941726502646,2.146417404128236,10524.650209354857
36,1.9315875590624558,2.0877783354011434,2.1420411844283977,2.1720841788876926,2.111942682251785,2.0522084032174708,2.2809455422830593,2.1640165831848237,2.150569521102589,2.048344691874291,2.30498894074358,2.2555475499532114,2.2410563217724113,2.2317299268219744,2.1482002672007234,2.052313396211409,2.274583901110622,2.1949037915948058,2.254146128203731,2.1233489582460865,2.2699745315726987,2.225996334098584,2.305018366687079,2.340383079137601,2.2177277620008296,2.284694730903723,2.2435184057428588,2.2280437883481845,2.267952187689939,2.1896398471232232,2.2733045121266233,2.220537476272659,2.124882678941414,2.2246585692048444,2.236613610572914,2.1607532421718445,2.2895772922207267,2.1589447214553883,2.1255249516791386,2.2330740315662654,2.2594992097100763,2.3017609439432793,2.138570385752946,2.2321427534458254,2.187681387210326,2.273855077010441,2.330865884990127,2.309140999521623,2.2076965414112704,2.283497465836767,2.1446809109252563,2.1949942608511077,2.2642559393830224,2.4169773885341628,2.188899834199816,2.2832664210610543,2.2327857235886435,2.3877243190728206,2.091566916891495,2.287639559102127,2.1763558262202434,2.1343368889126184,2.213457389757242,2.2138791212465514,2.165443894983682,2.1170043913389422,2.254824700955092,2.2469743379674627,2.1893296851907866,2.235594444507564,2.040418701667132,2.1896948176739763,2.220570495533865,2.3786652328424025,2.247323790340543,2.3329310031575115,2.1941166797562075,2.1611628915110406,2.2075801819449405,2.2580240508251435,2.26019891195262,2.1715480795286934,2.2187412294965547,2.327891840605857,2.2918076617961254,2.2478648803796357,2.1950944261203533,2.311845161667625,2.3068298597071966,2.229346400326484,2.246875478178758,2.320381850120413,2.263226621109891,2.258959533508351,2.250515498977149,2.270326174698452,2.1405861582655676,2.1210168957524114,2.244560411154879,2.198302634442764,11095.713406981686
37,2.0528055412024058,2.043919896609025,1.9921719662205535,2.0769170618751063,2.1019564426716872,2.0854083030692343,2.2086782135435667,2.033862712075422,2.124777873157995,2.147910893670719,2.1910436949507393,2.1356678547095806,2.0952363579041737,2.2004273155025436,2.1498367781563585,2.1561051509243514,2.17259242727529,2.1392461922281685,2.2347879200773777,2.1697353704351805,2.18470406298298,2.1510672532222377,2.2034230847613054,2.207794626793209,2.1102768308225106,2.1852198970423338,2.193790310831024,2.091212255982041,2.13546038477785,2.2169533575483866,2.281004728386744,2.217028213543361,2.1620030646042894,2.0958473354370706,2.0491732820553583,2.1418722642402033,2.106477702529558,2.155165955812469,2.2614179696602967,2.241202731108658,2.2578140427141653,2.210728125960946,2.1267212135582136,2.230069146607636,2.1925455766744744,2.1793228102366102,2.3811062415858215,2.173021920195794,2.1265163626093315,2.132410501980615,2.1524604079887975,2.162997653039242,2.1311139364190543,2.1799439820174658,2.1748317480805324,2.1425540737816107,2.0990066017570883,2.2492446921193845,2.2255725456337645,2.1066561443739213,2.1550276234627925,2.2391542456122595,2.1030595925770195,2.1976813302510987,2.191331706026695,2.2001178958368324,2.1909888476892543,2.194648491481023,2.2451351488276434,2.011518736991478,2.2606839126552116,2.1575885207627574,2.1006098913603926,2.2443290068113204,2.1572016201286734,2.168588309186685,2.1747490796616713,2.1895695960889916,2.204395778324354,2.1989467015888153,2.1165579166613235,2.1520724602053605,2.1498330895496323,2.079990755774011,2.203205328519645,2.1647511035389284,2.0821881776678306,2.1105313356886115,2.1910425089791468,2.20263026656184,2.21712638138021,2.14453234970419,2.128307194037527,2.2688894080263244,2.240274502358228,2.136888013345462,2.2025092883206945,2.219491421577223,2.1742149868120455,2.2495711200328743,10827.937732490094
38,1.9562127293654108,2.062982508541677,1.9401758629161037,1.9860940266790519,2.000124338952553,1.951258163831116,2.0891082872475875,2.081621863755041,2.133897384106262,2.1243935995203436,2.1148117251145724,2.1743531389517923,2.167859282491291,2.0843961200159775,1.954778162479069,2.108210935892498,2.112303025781114,2.157793311996307,2.1620147383545425,2.102222637212359,2.0648165600546178,2.052248599898787,2.152373376043919,2.1323040151497255,2.066766890035,2.1499640348453624,2.177839175185621,2.194122299731351,2.107781380150006,2.1462577496206405,2.047070923394345,2.1178191863729423,2.1333871994738103,2.2562794383332703,2.050351563657777,2.042324420375317,2.098365442363688,2.2144634729456194,2.100576125206022,2.177146895678405,2.1628821271204437,2.1210333747763332,2.1674000653487906,2.1546709459297,2.1242609347412253,2.2446843579363067,2.0673324424136768,2.065609935736052,2.08224677048535,2.1366619277823524,2.2454606211977883,2.0655667311479933,2.098136560266722,2.279327363749972,2.1999887096296105,2.0178626160876747,2.073971892459265,2.1258785452623483,2.2131856945817248,2.162123090131131,2.0214859107798193,2.0878282434912987,2.0853826097285726,2.1516075972595035,2.19432583140047,2.1414455468742846,2.051405612059821,2.0037439838459443,2.1264778940812397,2.091842707028194,2.0867126691667797,2.235667538597407,2.0206407326912945,2.292276381720576,2.1795716091612913,2.19287108103537,2.102873402919228,2.088677667130964,2.142080422746659,2.1555737810949553,2.226397194171773,2.2837357789660344,2.048823249993067,2.1974856632653275,2.047949238153022,2.1135517251042013,2.220203116916726,2.1262234112795912,2.133563420553991,2.2286496898860335,2.2773138856744275,2.1069489307262046,2.194784825418023,2.12929099181892,2.24290598766689,2.051056830119228,2.1608358876475955,2.0485640763557664,2.013616308123401,2.1961243000897137,10612.783551662445
39,2.1236938287371188,2.129388414897152,2.127005030575984,2.1758805641704013,2.202268616444825,2.1846750089904488,2.282141990383903,2.2690468116595683,2.2466588069958706,2.2640360371640735,2.2852386095448445,2.2351216867144825,2.2718059670810917,2.2340310024611334,2.198256347963065,2.2764554329290365,2.278432380167564,2.2464876841500687,2.256058673861394,2.363544423646199,2.227443826711007,2.227844572676718,2.2195113543818623,2.27978870781891,2.293499018440817,2.2354152233321214,2.302763629317461,2.226730888939871,2.2382039242378635,2.261756026237311,2.275770402864242,2.2088034263120035,2.202397748562904,2.292609410325917,2.211475275042658,2.2108245637436563,2.260341798549466,2.2464562559271193,2.234866604349901,2.301018700563267,2.2527271788639345,2.293729917593861,2.3081934635796553,2.262001835458366,2.2254504881619606,2.187099388768031,2.3058459461540766,2.1940877541298995,2.2039172738348576,2.2222676054794754,2.267432597581552,2.257817915028178,2.289471167019645,2.2609903492777588,2.2737652910107427,2.227455711688096,2.2854170726071525,2.2058424212621963,2.2544780652557628,2.337875779598568,2.1945315707035338,2.2626774317544602,2.213154804795228,2.259466490214472,2.209917101705061,2.2301407462899907,2.2239385577568305,2.2140383368799887,2.207715397109668,2.289846304276191,2.182236781472457,2.2524343049661635,2.2252648895080664,2.2425401130524163,2.217846483384487,2.2601718226083802,2.2562171642172304,2.232666801374589,2.2703814971653307,2.2924245916752417,2.2566931103242993,2.206305154244441,2.2921174731539145,2.296807202637747,2.2432889352914405,2.293651390221353,2.2676230169352447,2.268493859328784,2.3310424494094804,2.272303962997182,2.187043042024817,2.2202752994562904,2.2085263813592464,2.2264864065363668,2.2254737651026484,2.20884467794802,2.2651679153680906,2.2318494545245935,2.234833878928193,2.2512522758172917,11222.465337087317
40,2.141147837681404,2.2569980446448152,2.2280153535112044,2.0744886076980347,2.189312731316452,2.167742296375664,2.1907235582484135,2.2964238044659666,2.066902774770862,2.2611497399620895,2.1788861697166557,2.2418112974229665,2.1524031835958355,2.1876045753932623,2.1425595395840937,2.384725401986986,2.3003382233370586,2.272203991714055,2.2897874881116094,2.165704438332034,2.342816004021619,2.2758594038569844,2.2714507356686933,2.1899150582537272,2.3375509142329407,2.2045672548655033,2.160306709287932,2.217599200973434,2.2104379404831622,2.1846446951195078,2.3754026948356004,2.243803275120844,2.08813158101094,2.1713052122162817,2.285309116450944,2.184848477543462,2.3031104061570162,2.292406674192357,2.196840258834307,2.336956503407534,2.240229710146185,2.2678260628969475,2.3244718632115404,2.2452642554884763,2.2409274979591247,2.239984392224169,2.1858808046990608,2.232878635942603,2.2567248324274014,2.116379193094959,2.312465925603031,2.1268139534688073,2.1617264251838257,2.189218591797538,2.238977853505532,2.2687465184641784,2.2381939973309475,2.217048074633597,2.2939297435463426,2.280336084190663,2.2114492391574867,2.26171778678393,2.1969706336497556,2.1164831502687567,2.1699059757262424,2.2021980546845685,2.220953174123472,2.237746302176759,2.3000660820098524,2.1994732143159554,2.1966643311972804,2.2884171982671093,2.2687121178049923,2.241046020152748,2.255359284960584,2.3157558832202305,2.2252817429416862,2.210227567252302,2.3003541299290338,2.3040848113631593,2.202932707048393,2.1507622795705315,2.292185095907215,2.248178169785539,2.2844112544000703,2.300572464461264,2.27414461083696,2.22320411296645,2.2108458979303265,2.1718911428784042,2.3244123810886252,2.2588337363887443,2.2219849560336913,2.2095365172953088,2.168976517283895,2.231170210321279,2.2347753695770116,2.2129502745123704,2.222048580920556,2.1678383572064175,11153.736846330807
41,1.94955096884231,2.0005598478386246,2.150276634404591,2.0474624415665934,2.070112635943081,2.0308579468606998,2.1949351354494837,2.0415339227852938,2.1614021905847745,2.2228215037624053,2.1995649628871914,2.2657448996862115,2.041565739326734,2.0795077400906137,2.1403279848455767,2.106617734164673,2.075533177041812,2.2097251039827537,2.258259211848366,2.1998831336356313,2.1139227075527818,2.183672531000584,2.1729021616752218,2.153858782995254,2.2756217333151683,2.139748874650655,2.1369022012648484,2.281191403697798,2.144984939633496,2.1529002169746247,2.217754113735664,2.24472293965175,2.183681684952469,2.126486386040351,2.11929643498039,2.2304334840363125,2.275762381928517,2.148675808331941,2.1236820921333583,2.280569416118702,2.220784170357231,2.172868709507556,2.2172343407435626,2.2091446181659875,2.118448962353807,2.1257083511779626,2.1425349299099645,2.2760833683755948,2.2798486474511686,2.1598055360009916,2.271015794470721,2.220307939232922,2.178375489330404,2.0976724663640387,2.201795607672864,2.156625410251273,2.1631210762961657,2.1917366837014747,2.177362028580078,2.2340231403562187,2.0605760840516636,2.2115447707649123,2.104314926754547,2.1381919102856095,2.1371654833824447,2.164835005822917,2.2732343277929097,2.0833587320277758,2.247851439716647,2.140668901785179,2.230876070983554,2.175374382992758,2.212235271636753,2.192680335312019,2.109080186364035,2.171010630583286,2.353067353041365,2.161397457091187,2.0886895132572345,2.1814854624600413,2.203995591449129,2.151985393723186,2.216415678292728,2.1708934405511924,2.2201947421399786,2.145132671360135,2.1850621363182485,2.3236150866863783,2.218626997735526,2.164394206146593,2.273125494103675,2.1717300757584836,2.201040373086238,2.2200994211982037,2.215622344183563,2.2035126084464993,2.1390133693541364,2.346984364799687,2.206401310910077,2.150909614571158,10876.695182371945
42,2.0381283963189403,2.1173188612761877,1.9680544862794127,2.1323879877200778,2.1950239121859427,2.1733333744301975,2.150091367993178,2.1541623015834643,2.214911997141153,2.060564661844057,2.249423587069291,2.280415830246361,2.3346314859907364,2.184007735737854,2.3052809287083265,2.2609979475646096,2.1882246260343594,2.2402200250366486,2.174489769280436,2.1633438513634613,2.1879357056813733,2.183406655504438,2.190648432251658,2.25358889661125,2.1822428675633896,2.1992252275574207,2.1676607030470914,2.29396762916034,2.2693797116765855,2.1500117615349073,2.3019631795206688,2.3354289059288744,2.2746087594433093,2.1618904022256276,2.240086914928064,2.2492857136724096,2.254861555346523,2.206295437063609,2.244118897400857,2.214966265868904,2.2215983315976398,2.2894520219980903,2.231241049051034,2.1814038178245636,2.2149653848564057,2.1199713773924644,2.3283358474119265,2.158508827533318,2.2217474008507145,2.1171913728200935,2.1483027045587066,2.2416655109285872,2.1876820711111646,2.2654325126168855,2.2183675565576966,2.2367986933261204,2.175842787100496,2.315844365478961,2.1313073422817066,2.267184695390273,2.212890337596497,2.1995930463282023,2.237768810157229,2.1587491154150653,2.289138142136874,2.2191277146405186,2.187553533894606,2.219230102201758,2.18726806735905,2.3206464598807655,2.1020084763200866,2.281986325641488,2.3226582547749963,2.2964140329226237,2.190722224799842,2.307008367359475,2.2845066754881596,2.18704422529921,2.1707939082325938,2.1521837778662554,2.1907483481554526,2.178560263530517,2.1845315376622643,2.120645664321083,2.1771136762710475,2.3496018522666726,2.3727208404140394,2.2727072646510185,2.172967851700986,2.175739277127204,2.2448506830208608,2.2957651055826003,2.3563518540940054,2.2933881055268075,2.1433404927217365,2.2601262116329317,2.1408376971242657,2.376222571638836,2.259974478932634,2.1706505960534543,11084.178319861128
43,1.88727165504257,2.049440265479739,1.9718595275641824,2.028182660022168,2.0694410713859432,2.104771261981719,2.041078395856489,2.192768392941653,2.121043069198443,2.143557235592237,2.1507376618587517,2.2014678665296907,2.16157858188389,2.106215858415767,2.1231956172903947,2.199521150957509,2.151683809418878,2.1677034030349898,2.136715652553795,2.18678885574606,2.164914503741323,2.2110017413754712,2.1272991757727873,2.180125944752866,2.0252868951276177,2.1237766881923963,2.106254733675544,2.1658488472672994,2.284348469565104,2.067790239613895,2.117360193373456,2.1092817312510475,2.1720467165894197,2.1832289521750083,2.105927535953138,2.177714426185108,2.2202358027736997,2.1622587312319785,2.1653977625931575,2.1304663398970254,2.097120062700387,2.1593298747341887,2.1445921648717206,2.1825404656515497,2.0359847965994646,2.219161160114207,2.0650357607726084,2.248222496605984,2.2119003416130743,2.111778107491159,2.237699608751108,2.1561022682574804,2.1505909023100958,2.1847565962926287,2.1063031234862613,2.158812992617896,2.092287126750552,2.148181368111561,2.144637021106584,2.209678309441439,2.101259643940736,2.142243417308865,2.18342926361236,2.143331817486005,2.1516885094607083,2.0690821331040343,2.127019801671327,2.093553051603904,2.2013293751625453,2.1412628998859597,2.040578376048811,2.0812493976773734,2.1166862106067823,2.0853961296919596,2.1175999118468916,2.174560001460662,2.203041328052104,2.1341240853599426,2.2035347726504297,2.220656941106322,2.2370553011915235,2.2569656731400256,2.196463666418514,2.2198102789201055,2.126854772670578,2.147197515163559,2.167171359894498,2.1197825984756022,2.1803176171731447,2.1974228722476763,2.1420156364852003,2.111313202197712,2.261508464627739,2.1194689413684116,2.219518999122787,2.2557868179823064,2.2150302331690113,2.1574889106178845,2.1156341786368773,2.149259873192558,10729.399797628781
44,2.0163417664627206,2.055126841661883,2.2085787452968404,2.0504800006495922,2.1794590550503656,2.2234157077241394,2.2608806467814513,2.2024701025286775,2.282306406800408,2.2188193907845086,2.3320298087383438,2.26206339746812,2.2027886489051616,2.234171964544934,2.281750615677687,2.266403867746571,2.263034002194847,2.198078517808672,2.1942291543071124,2.3019995666929542,2.2247669284165896,2.244113027240503,2.2467838523751187,2.142259321914519,2.2139281444833965,2.2445803292450206,2.3108701653071204,2.31741464970566,2.2696364211453126,2.229671574583263,2.228368216804217,2.295550442695296,2.2191847657904296,2.3427366142822263,2.2140712237163505,2.2235581552315162,2.223466355622896,2.1939800670579235,2.2068184035122607,2.2220512691033054,2.2065067608220987,2.294743836291679,2.1823651674008273,2.292225226722379,2.2964778243157964,2.2537398339269163,2.2286397950953485,2.1536317408038665,2.2781746648183967,2.2411467227274695,2.357371047713977,2.2227925233677595,2.1574134684640986,2.1687653559608027,2.190263505253276,2.277068561186401,2.246724163290681,2.2483885263608925,2.357057472321371,2.212645133774984,2.230235666324688,2.2864732239271244,2.2645219134697316,2.2871598218437046,2.2547424102218963,2.2785312922398777,2.298005010802599,2.2152410031601275,2.351455796573664,2.236764567033445,2.309658694739148,2.2084665798867453,2.3610453813990424,2.274377149596159,2.253955451815593,2.2590879438305658,2.295588281030651,2.223522627983799,2.314353373123585,2.305005689570342,2.280263886986491,2.2274525874385493,2.2336367057932387,2.2299514752338654,2.234461744632658,2.149451203698578,2.213169257511366,2.1955014577818632,2.227676923282165,2.196328689375103,2.2645112961215017,2.298945304885374,2.2564074848967195,2.220466509693091,2.165117966974762,2.26481605744297,2.14072457311917,2.3272778452779663,2.2285325520952357,2.099077789110571,11193.817132830034
45,2.0199534843772065,2.018808147616679,2.0219113096098265,2.0961006508251394,2.1237024977653562,2.201364832503433,2.1543433248884973,2.1130167379653586,2.1954126870689956,2.078163645666991,2.186504869681349,2.1494245846638065,2.1476822870077625,2.196147469304318,2.288513547513118,2.21543431986883,2.124964156308082,2.159836784681352,2.124208300305451,2.0831669454702184,2.1846382506547273,2.09806821231025,2.1138700309394545,2.1859139578844915,2.1894954649267997,2.0784177620589337,2.1732543440108185,2.1759832748838615,2.133273427117857,2.1458135167799757,2.212120580483835,2.2539227446221415,2.135954143177911,2.0777313828272796,2.138983366094664,2.2463627586377677,2.12527302644,2.128444295866574,2.1237838570707277,2.173693502902819,2.2394884842507263,2.1592773195878867,2.231755193264839,2.0299781593072663,2.077362588915261,2.1553674519128494,2.1600971513805387,2.0802808340835566,2.182054310512467,2.2480922930473146,2.278259549587954,2.247325159967059,2.197393894590705,2.1682402807293957,2.1510775755339377,2.1730400964800562,2.281965172809782,2.2838960198282665,2.067146683896138,2.1037273715053932,2.1239194055711677,2.103011649547126,2.1105113773540545,2.1814482440291965,2.125575126454917,2.2491026507265865,2.1761018180746485,2.347585511979513,2.3501003331268806,2.2073573653042686,2.324534586189219,2.154704707038616,2.118173566032146,2.2608579257266648,2.0957827839867575,2.2510551268818593,2.1695994205020215,2.182098785820832,2.1702008271143325,2.19546919172155,2.1961314764620177,2.2328203870333154,2.136317677040735,2.1753555555226147,2.1443514349447663,2.209991043684278,2.2191827412150427,2.1268457368143645,2.0882291865755436,2.180713739825681,2.1740313381751744,2.1906040062496888,2.1956038624032868,2.2367398054624985,2.1531502032981886,2.083798257937047,2.1717674593142973,2.1193580339612668,2.2880646244276726,2.18442638557675,10835.707871654033
46,2.040493943055103,2.1776722317510226,2.1010097397768623,2.171328989334553,2.226689310249048,2.111656537723101,2.2551739305961687,2.2709421302706847,2.1951188919936753,2.219076418835197,2.1649814526437203,2.2657085831911705,2.2428390423378164,2.11880454891656,2.217710482216501,2.233480987338024,2.300475708821764,2.1942680353042054,2.296114609382687,2.3169380339979675,2.217937436765362,2.1675914794853886,2.277175458807428,2.2836749191428938,2.291651483807171,2.377258936005754,2.304840479197288,2.1985821285362825,2.262064582263659,2.2800583714808274,2.26898834201661,2.2275578227372934,2.1878377528218915,2.2670393337256605,2.209142664977239,2.1392181841515963,2.2504702432603096,2.2977717564118048,2.2484631729559172,2.2879677845085875,2.2448168678832543,2.2493947434109085,2.3079215311793773,2.272467009793347,2.2601521342122637,2.173903266309817,2.299012416647756,2.1794266151330035,2.2283862129239442,2.205580863906806,2.1935325736883193,2.3045753746519013,2.368183669657972,2.2485410565282606,2.283938141184743,2.2605587095429325,2.31236864713418,2.2089373882438714,2.2618238387138625,2.1046204342834995,2.2584708121977055,2.2148731382435924,2.3039118788137034,2.141651682422419,2.268688662038082,2.3038958721106964,2.2695381659011,2.2354321476217938,2.2777732783150366,2.2141305086649554,2.301568718134101,2.2817075596833214,2.2670823406700005,2.2445826523134706,2.254836583210674,2.209770316737299,2.1576025978317426,2.2931754845250727,2.271315827919379,2.2094017519264977,2.3437491643412702,2.2407808817879302,2.2694171673623527,2.3154983306746026,2.285862635150196,2.258703328832144,2.325185723457185,2.2812992863935513,2.2496363705152818,2.2600566177319776,2.221999863296461,2.4030251631092168,2.3043735773918197,2.297366272341695,2.2668346768438385,2.2573665064321404,2.174917127003796,2.2908427814965715,2.328994042030918,2.2523925619521026,11237.081474662524
47,1.958134877305371,1.9018435994731562,2.016671795456694,1.9927301899008034,1.978929958546572,1.9598748320616877,2.0418160499094355,2.0082287544377992,2.080237646983003,2.1273487147680545,2.0140121833196667,2.03862672112426,2.0390629634913533,2.1691247955384707,2.0646466407651873,2.089821907115481,2.126368633761467,2.032526571946396,2.065655268498201,2.1235569741712315,2.0044741918171076,2.0721650522879584,2.124912455770342,2.0978842085865854,2.1221372436230435,2.105776050061145,1.9503083735148419,2.168897200262635,2.14116787340332,2.0843990991605947,2.0705160083691863,2.132206374405376,2.0608429491249325,2.0782010496243974,2.115208439273948,2.0814315516163453,2.1828378341208836,2.0291048487169143,2.2460549772619878,2.2479068943921208,1.9868809112087351,2.121141060857979,2.120075681257629,2.0661607323561753,2.1631911360801412,2.1679002501673144,2.0661513946997894,2.1240285924589895,2.1010006173757394,2.0705223854465227,2.1077944570279232,2.0891732406076637,2.0022406235135346,2.1744087136135364,2.008120409669896,2.0798877499532726,2.1046440049549133,2.102740624756639,2.015592593683343,2.1288312676644168,2.076346266499236,2.0488848556075623,2.118203473204955,2.0436199906122123,2.0434249578288215,2.0585227163547954,2.0499956701045545,2.0358958084672256,2.086409522934027,2.06687312533533,2.0886564093895488,2.1210203897326263,2.1216951779451394,2.159380841716744,2.122968028083066,2.045448183102944,2.1032497408011888,2.1401343769185877,2.154620593167824,2.0544961973550753,2.1940359542765555,2.0464959498823556,2.0908649380943536,2.179317744354784,2.154428292949285,2.070927294771536,2.10537746572925,2.0162433214990396,2.1024041347465197,2.1427242296081976,2.113590492454537,2.099501619052289,2.0846873560569534,2.1069382452497427,2.195261596509241,2.086185045246145,2.0039619978852174,2.0415106720581475,2.1594436182989076,2.1256411723437743,10430.276283377521
48,2.0595956178946064,1.9749561731697822,2.0605672534671053,2.215070680941299,2.1777033892107145,2.260047214141945,2.172962352569654,2.314650296884372,2.2367333226476758,2.1607039093324247,2.1468995678386964,2.21437866403516,2.154186972040129,2.2286900767035114,2.212143035957529,2.123463666365304,2.1579070415815176,2.294267804585543,2.155924674019494,2.129203542897878,2.1668728991050563,2.269396512631802,2.240100833137059,2.2875601257662095,2.3747657597013587,2.2665394631294804,2.1982859759949647,2.187204191824084,2.2780280105073945,2.2790672163372756,2.270094591735875,2.312368166043445,2.3773440610297225,2.244561903416263,2.187328544380458,2.3084242202410703,2.2034743533030547,2.3360035139127033,2.1586729612192572,2.315873041379796,2.179054214148031,2.172659221191468,2.2717795151468807,2.221055468313739,2.0825733195080187,2.281360613396354,2.1270142543745565,2.302392753362116,2.307054866049807,2.259363622017078,2.213319624461887,2.2074826496519164,2.3058397906059054,2.23229258007772,2.364542182176127,2.267890630512324,2.2834010014338717,2.2738542536939286,2.191597166136439,2.2692036387167365,2.2815176739842418,2.216693248538704,2.365715591302734,2.3104197101516415,2.3068730449876678,2.2158064384286407,2.2451814127206946,2.2520886037978793,2.2568313396296107,2.224110333430061,2.2137898483706517,2.2613133241883956,2.3685827595102578,2.2814628627531133,2.2674222142838047,2.291533812307776,2.255113418370159,2.399462095265354,2.1937896642705073,2.2685676160816697,2.324707881559918,2.215580043253057,2.2673460630126687,2.3837151795217046,2.3064621607233216,2.27635213700634,2.275012645826,2.237254689852386,2.2174828554611317,2.288933120331196,2.294384552508613,2.3304520616432947,2.2794396230109,2.115316844129335,2.1889281218121144,2.2327498562089105,2.2515316975202113,2.308670070618917,2.247971541857034,2.2209475037476394,11213.263331401691
49,2.0336003937674536,2.055332950319309,2.0263382797531495,2.056516783370611,2.175668559748473,2.1570436248370224,2.0967626924323786,2.1665463869678265,2.2451087140625536,2.1964439411919567,2.2523902727715637,2.2788354360896634,2.1828436838598706,2.1864441469950577,2.194809129961763,2.1388575805392636,2.2095166465406977,2.25267816023379,2.255269527535231,2.1562239663113996,2.2110254727308782,2.236914972549554,2.2115509582620536,2.303590110745131,2.2331654584705856,2.2184147417982065,2.2520579529069407,2.2947506124104784,2.1943874439002142,2.342840068643712,2.194464120275789,2.1954045127061366,2.1092802220487394,2.1704747514564846,2.3086242567528603,2.1880736640800307,2.228920633441129,2.146995717087763,2.1524813371175107,2.2518131158295787,2.261390044147449,2.230440610665503,2.1840050418089194,2.2559762448314555,2.2059971273145127,2.2409853287680996,2.087449444726125,2.2476335523413584,2.2730657653302915,2.228965794511137,2.327666657551129,2.3099382547331326,2.295082974785565,2.327712767182338,2.318899963485795,2.360162021211176,2.2826469429501777,2.17925517074778,2.248030162251636,2.2609816839135495,2.303200649172055,2.1991494144569517,2.244025731079424,2.2201875931955986,2.273902557089819,2.2607419729134097,2.1575771892654987,2.2964080165781566,2.1870654972390913,2.1999573409383166,2.291316169238556,2.2198551474226518,2.17681538336401,2.2428947807600155,2.1810240555943623,2.2276352691757157,2.2156773753133394,2.3159820734013654,2.27469659815296,2.214421234902864,2.3135495392389966,2.176859940124391,2.167465587342615,2.321329538817998,2.3614023397314856,2.334559066417831,2.203463975561876,2.2272086977320997,2.250424328789028,2.381635414754578,2.245573359534151,2.133917334265821,2.1805922792232253,2.2729295696803726,2.2551996615895433,2.1832789226691047,2.324100250909721,2.2604624415629972,2.285728219610497,2.2520630646682465,11136.151206761933
mean,2.0326173273067045,2.0694519666562248,2.0780633855364776,2.0958173333456265,2.117939449242924,2.1112406822149925,2.153289137072363,2.1580657829370304,2.16206499336576,2.1653523428237444,2.1864794593381243,2.182659807528343,2.1762028616955207,2.1810935829621734,2.1724952268800206,2.178115993860331,2.182819789796886,2.196307182993318,2.1815792371821536,2.18333743594663,2.1843696760082434,2.1966121813590336,2.199610712859364,2.191118090137721,2.180644714020688,2.1783184142707195,2.192536265940464,2.2008311238400826,2.1963803989389143,2.1881567933318498,2.1904011811708464,2.194770246674074,2.180726911307163,2.192456491254264,2.185750701705168,2.1941230476253506,2.1847445995163635,2.1948519473069728,2.195231119172918,2.1895446095432156,2.1972241102973573,2.1923392210770207,2.19317833717844,2.18412608523256,2.177575807783308,2.1875615571546705,2.1944023929471865,2.1775882136257714,2.195327145034849,2.1988671221960603,2.196410817342778,2.1976006629535654,2.1910469336082667,2.215707542937504,2.194910354845679,2.1930102349125344,2.1921643973562577,2.200378837764683,2.172075804666536,2.1910441071887052,2.193796896307697,2.186959307649371,2.1913033333869874,2.184477036844155,2.1913620379101375,2.206505462823054,2.1981957972313095,2.1863344301899756,2.200350207700526,2.1962305859877223,2.1894194548978745,2.201237047159929,2.1957884706627406,2.1956721362739735,2.192576436621226,2.2067432886267953,2.1932152103354308,2.2015622269566104,2.1907244536540373,2.1942609628619407,2.1973960075716605,2.1930358677908752,2.1787308468663866,2.1968962798741094,2.201254134096389,2.19901941508204,2.1948745217126815,2.1950249457119653,2.1893290716330203,2.1965858560413944,2.2073682298696373,2.1990653825780715,2.1996947525085173,2.19212865233769,2.195102337617102,2.188030621261052,2.180263565145602,2.2153696341033613,2.1939118617858973,2.1875201231364283,
