,0,1,2,3,4,5,6,7,8,9,10,11,12,13,14,15,16,17,18,19,20,21,22,23,24,25,26,27,28,29,30,31,32,33,34,35,36,37,38,39,40,41,42,43,44,45,46,47,48,49,50,51,52,53,54,55,56,57,58,59,60,61,62,63,64,65,66,67,68,69,70,71,72,73,74,75,76,77,78,79,80,81,82,83,84,85,86,87,88,89,90,91,92,93,94,95,96,97,98,99,sum_creator_normalized_accumulated_reward,overall_scaled_accumulated_reward,num_creators
0,37.04695179711176,34.19662990471585,32.395318291039054,39.95822135156094,33.58142590105866,67.2900774030192,45.013977617006425,57.35754120125059,57.88095642691463,71.19731071131396,57.617683605133244,66.60349987013785,57.19800620708114,56.44911539795495,56.42138580635221,71.66970412104286,59.27046359823217,68.15522868491969,58.07886403504248,58.48199909174289,56.05608340031202,72.89504043810273,41.78609147848403,56.85502429730119,59.70689176496171,73.05098853488023,59.32537735572933,55.65040826261759,58.9499020938087,70.49866460827934,55.113222777659985,58.80728095740915,59.06469966579277,59.7043457053878,44.466224662863,71.94873855970029,59.028386867453776,69.5512334220698,68.9250207520449,43.53665369806905,58.850050437344215,58.270536628087974,67.57481253897303,57.82486855790072,68.7739542741424,72.06160614846506,45.845548576567126,60.4585690747654,73.10047738526994,43.13287360816389,60.280804537751884,55.60185073790933,70.00337316796083,72.12165076519602,71.25013677276804,73.51495386508152,72.26054519820131,60.16834236027447,66.3045898168072,71.72578534406482,69.94085316028122,46.27414053715287,44.747546690302705,71.35201858022883,68.94303251994204,72.6854673935308,73.75526222459818,72.15456070423345,60.53471158057338,73.27788930213485,71.95507072059611,74.47830483868923,48.52792045891325,55.82702451043796,54.85203249735749,71.34179159674159,70.74739117371746,69.62686617745112,73.28812192834555,54.77147738509613,71.49687361494853,70.99385568789376,67.40007821558545,69.64400350299577,58.072526791431905,55.708597328818314,71.05922882963068,71.85297135087633,56.90625615247461,57.147278137294926,72.12901670240278,73.20655994025294,68.48274827392304,68.52706501757318,69.23118162369398,70.94031280234321,70.31765805164757,72.55151403430197,70.14420299420726,65.7847013601513,37972.242696066096,37972.242696066096,6.0
1,31.448629990356785,24.832194456412253,37.46555582770706,31.849582998813652,40.96790850520061,68.27065505648676,55.54953580536909,56.40838935963175,55.38569487877668,43.556891276696206,58.02740984514369,57.01984978712685,42.122233523277465,55.340473785916856,57.377543681417244,70.14889702084388,66.10928953920266,56.318196624180985,70.76066931523503,70.06883820910507,71.90133913109003,57.293573787512905,29.987469460293482,57.998545313144554,29.90151384871614,71.73477382572726,58.40710433158565,56.46855441747116,72.30425238478801,57.385580302140134,72.57360259392287,59.43353100949582,69.40296793003522,58.32958685355817,72.34365275176249,73.2897860071909,54.09564324946822,73.56478344903871,73.59298360963612,59.21142810958199,60.703384499800485,71.78374711928184,56.38564484110345,57.67251089160396,72.56349985971929,70.58696250385803,69.87299614602505,71.88762052993638,58.01727870589758,71.23300566917624,69.39998611013318,69.0436357326768,56.817959541944674,58.014465397133016,59.52744738803881,58.96941231458146,70.48845390896561,70.75206376460908,57.67715091567004,69.05408085161828,70.5337561031256,69.38043866840523,56.42014995104057,56.43807647724751,68.8010795387175,70.97861833838913,55.46316365352758,69.71214127572891,71.1358268187693,52.3678053172456,56.68485973428458,44.51141817318239,58.37891617211352,69.53069850664285,42.53424314907206,71.4988341593906,58.57711905222872,71.87604238120109,70.60964676112326,71.1720178244306,73.16716273488328,70.11750222230087,60.287484397196444,72.06503488388792,71.96527562592989,71.55632941735576,60.07020257932701,71.05461784441347,72.30226689248623,59.43248421880575,58.318203232039046,71.97163546221236,71.81260476979817,51.30638647307137,70.49987410664653,70.97006443300643,44.91828501749982,71.26185274451989,71.50020667961569,70.2504275655662,37687.05451852154,37687.05451852154,6.0
2,38.272635115117865,24.89116757653634,39.59229034883376,39.93565169246496,40.90170916671481,67.75039429144307,68.95606926448384,54.447430638701256,68.3908040338277,67.7417576004329,70.0014743577352,69.3650590257874,69.80272413947662,42.421417359387384,56.29891974607124,68.69203155979517,67.98486855669864,68.68315576793718,68.81603348227998,66.9905303215553,68.08600903300157,69.71936717679871,70.72556909307785,56.59928853549471,67.43820677965861,67.95439766788725,68.43408272063418,66.98932564153499,68.34120659961582,68.45729280429721,68.4796645033332,68.81589594035404,70.98011028507874,67.04932878192615,69.33242194130416,70.29012827404874,69.4895652859794,70.08715495605914,67.8283597455229,68.75009850781787,84.03925449576418,83.73604121089588,82.84305320484381,82.79594330954914,82.58249598438343,83.96822383921112,80.60192044442064,80.92200738074716,81.58822503958672,82.6102145926794,81.22771411818886,82.68802119477937,83.10367579278719,80.82520788543279,81.65223653890753,83.53879821499841,81.7065452485148,82.29651042066557,82.31946436856887,81.56744321115347,83.73502005846186,64.60007537129027,82.43847862998481,83.77932811506335,81.60551625554217,84.37213992378065,82.88200022442815,82.50853097147846,83.91088714972712,84.34469528184135,82.08343297155042,83.81972288406214,52.7988107785406,82.08606425555745,82.21165548940044,83.31988909208012,84.78788677025186,81.09356390597131,82.44559842182062,81.88346854143447,68.36137952406236,83.11222554678679,81.24877904526184,82.08778833979486,82.4772348574068,82.4709124384528,83.13164948539243,82.24276204084018,84.50701482670948,81.26373332609583,81.91445138109057,84.34079198293584,81.1172168623867,82.65094429596721,81.80594658572082,84.05796441288585,82.63016649148813,84.99451643757766,84.4324919047609,84.4675569967756,40380.25184736459,40380.25184736459,5.0
3,32.89721402401803,24.46876382981095,17.47246265610064,33.29262850789703,17.256817938757678,34.31958411680421,40.45163262723957,41.26392999857291,41.91035094810086,33.15627164762271,38.38463739119601,43.00848146956523,42.14932576372989,32.10484375203794,41.01319374211218,52.41416892525843,51.82118396571251,41.8661040183398,40.324770854215096,41.65198867598569,42.57828351534198,32.73771791308644,33.080144403240325,43.31846322630007,43.41973241741258,32.507148638488964,34.14578853984508,37.710991070475885,33.193628886746055,41.78931999585002,39.77099989330695,42.15549230586126,42.69590169719025,41.81490760963993,33.4121708950684,41.75625293192207,42.57569805044881,43.30690252115109,51.620028038255725,33.636339468360646,42.70674264650962,24.726125639698566,42.11208207165046,52.99964973162986,53.05818437993494,34.41541256807308,40.711833727743254,52.34986404985176,52.639881108864984,42.104273589651655,33.763710882281174,25.183782655131097,42.43320450880567,53.29098319543809,33.23113346877169,39.81399140626243,52.484207522913096,42.869504874212225,50.385050930554144,34.388348751394574,43.115389122835154,31.111527871711885,22.863218226905005,31.384704482296996,24.571954909123463,51.60679523480337,51.567172756288244,32.71177241111013,40.5915827394671,32.961284793533764,32.294930716813056,51.61861049917434,42.54977926441333,43.1313031842063,41.94900716489778,50.447342874736194,52.82971034388652,51.4764214609861,42.89283797074168,42.54092351565865,32.20234471027902,42.66358134901694,53.037659401713995,50.09934640911183,32.20982458415912,32.763164845858796,32.97343851402957,52.077402482941466,41.21255724730523,52.911410183119074,51.62935995896669,33.11916891133251,50.98213487343992,42.359993057082846,42.35612409525888,51.56894350847563,41.881631741672265,43.731621126877,40.762712871418614,42.972533152613465,32665.603431102798,32665.603431102798,8.0
4,30.51123120672351,17.849903163415483,24.97423523115146,40.56795829570557,25.758296790192787,46.3864622219727,48.05279120497499,38.111879421371086,48.70956194532629,50.541968797463205,38.5748703393516,49.67045065930983,58.8057837806415,48.730621493351876,50.011685940786116,61.37766876679245,48.05564831655896,38.33688202106235,50.133275243943864,59.52744007327461,37.17907582093377,47.32747135758849,58.92835405434893,50.28418411126153,48.668672447179844,58.215508497345354,58.39303986654051,48.93852113283246,48.7817657933174,58.135995677250435,60.49735976795312,38.473707258466774,38.11377021667948,59.60957085622483,59.80731259644225,59.99266534330572,60.41623124592869,60.6481322332531,48.094279990378986,60.85907724977921,50.77347291284492,50.85920037774794,35.62317961546837,59.19297209525056,60.85320999639316,61.908848032742235,50.36893942031621,61.5957287884217,62.157447918043026,60.57050845345355,60.172729391452194,47.217923757680445,38.655351445475176,60.5625335952151,59.76402753563967,48.90351257697312,59.40920431147197,49.055088332003784,58.988410564891375,60.16111906609077,58.39146914898525,50.08961363557479,49.22596285364643,48.71288804407209,60.646339248982905,48.810386987090105,60.54565262239521,60.24935794237938,48.281955536819524,60.47033746210608,39.09983554764425,38.805633837145315,59.77604840652982,60.300748149979164,59.603648675516816,38.420024078259,61.566137853506525,48.67227164373831,60.659960147543906,39.60606286947073,49.70057523377971,50.280968148823604,61.56312818629002,59.347394412051344,60.99081826476322,58.46339315003674,61.121495755438445,61.09672642559469,61.110164163442604,60.506373933795395,49.67265998728505,60.953888664062106,48.08860476052827,48.770888083430755,58.075513520480854,60.284169131298896,58.76695011988041,49.81051932388463,60.699601679329135,50.25871402987121,36919.390076045434,36919.390076045434,7.0
5,26.4190959345071,24.398528706651803,24.821308361481357,24.52922789818907,25.098700984135256,41.84220453206002,42.559320256907796,55.16433471726797,43.020853550554456,43.87066910970291,43.47160741504508,45.42622051594223,44.59723350483383,55.5602267063889,68.88750505034642,54.02400867435161,42.674207602117924,55.672626119484256,68.61611592939023,43.87512165288266,56.13999676257927,29.24829461074907,44.29815684699519,30.837264863052326,68.79505387000195,55.600615722139615,49.524742031285335,68.2056659259902,69.89807433860437,44.63246996709041,56.633806620281156,57.19368061645357,41.73283320914413,54.770383126488184,56.12262232011485,56.531751061758655,44.76673990218768,45.67783631057191,57.449285821004594,68.24167007139461,68.94830249311644,68.27910714023285,56.722672611467544,54.646821014752184,55.286290073384144,68.18945761999605,56.57346979915534,33.46729957872412,67.36002116724246,44.70864604232315,68.53115472727943,56.151160768130126,56.67714750457765,44.74415382115384,57.65054413542665,67.00942970204642,67.71418395155312,68.1171937942845,66.76177711276007,44.18715078038091,57.5505038952651,33.99084193690859,65.78426792816815,56.87329508448848,29.385837618212502,69.07915330578726,42.93362050866142,56.464575836653694,69.16218418852804,43.82367095052731,43.768305842936684,58.20169678268875,46.77308829832551,69.82715156336417,41.16782784393507,54.954544609415414,46.15175453025578,55.6463921190767,65.20906093307758,56.00438514168934,66.69695181317365,55.49693856994107,49.79846714683716,56.41786794721838,68.96392570564755,55.05983791237437,67.17502320590438,68.23660237658972,45.270715494309606,44.388434217251415,69.36003765140761,68.78669233675676,65.10203256746645,56.54380029692694,69.18408910205956,58.16979965677209,58.500517174375624,40.906024215482,53.73921593761452,56.77127125036668,32540.326138867196,32540.326138867196,6.0
6,30.362605079467862,39.61910955741203,25.45177638300507,41.45318842249462,41.56481469157783,43.03525373393123,53.14891459425047,44.947451229417915,51.55808441275236,42.485436044089575,42.838291642801806,32.63555563306708,40.76581127530376,42.167465517884594,42.77274861213235,43.2943313841307,23.008262395898623,53.15962700219748,44.45902407961307,33.67384076860411,42.63494398232151,24.875676894303233,24.488671753237497,53.23160857569658,52.78848936778516,43.71301758003597,31.39714208109666,34.413679661329525,42.79847008057203,53.18180703197139,42.61990880702538,33.072563337461446,22.09836182730929,53.04544751659981,32.99334435521456,33.73175250895494,52.89014770730557,33.67002822602285,41.42293272058973,53.293418446236046,47.74742920457574,27.133381023070474,51.06247825488606,38.62483553851429,50.74980303244671,49.15974598450056,48.80734815592272,38.881245087900716,50.615490075849166,51.71008071963206,26.100990786700525,50.53423809091003,36.38336166575904,38.906372821416525,49.57346757588919,59.03868349602323,49.90678008069234,60.60336196054906,49.731456430006574,39.32849846320661,48.27001252442525,38.865696227208154,28.43285019899622,40.772877863964695,51.06430784125957,27.720945388400196,49.40593403738324,61.75659074401723,36.70666497711649,61.977384816431105,50.45805570587728,27.943574442533777,49.18601801026015,50.63255485891464,57.342032120734984,60.68571925706893,49.83861705926321,50.978686870093405,50.60670215836236,61.0237058606206,36.15165064097255,61.385276293870966,60.2174091529644,36.6272816477764,61.02764628403487,61.70841220568309,38.6386420449618,42.87957742831389,59.22705187648493,49.91818562804955,49.00880548767821,61.66359006173142,39.21978446401921,36.83451736571156,50.634002597037,56.48488977134288,49.7368985187818,39.484471684795345,47.76387878117368,60.258979422197754,33344.97954301948,33344.97954301948,7.0
7,34.03734361020976,39.53589015113176,32.48207573439849,40.48313028809109,32.62512821132472,66.92772726304001,68.02736680088928,55.98797721367624,69.29969882489257,45.08853987755737,70.62912412358817,44.31846133061441,69.65371670319786,69.64171763589097,70.70210850816738,53.82674612225691,54.99815692020291,55.6325808001645,69.53177001460062,57.53032781565323,69.32311728794298,69.24790520909505,69.10176404271328,58.13629039334187,68.65413888169473,69.57404325708971,70.7351000911475,71.09870511263254,58.14671079128819,70.84820270077823,66.59423977833244,70.46670603662933,57.44993258326843,72.68894471162776,70.45693629893488,70.51965201370358,69.33027743922692,67.71400197640166,69.38003176824002,70.20725514260555,42.88462785062658,70.69646874683637,67.59104726683063,69.49514922930484,69.79740670558074,71.02373386401139,58.23000117189073,55.4285865601218,70.81612169335222,56.53627137609837,67.93504214646434,69.7305717413899,57.468094706127495,69.14441952362654,60.31374870350339,58.31471983071278,70.64591704183438,70.90787141282424,70.63039819999692,58.286173189963925,68.87778203028029,68.97049631891605,57.11695442383882,67.61608267734816,69.33534379075566,70.00861806402054,69.12937049349209,70.27763405973776,70.65899521195934,70.01957062772635,71.94537371441659,68.71052149762106,70.89757133678184,69.36230553545874,58.508637473455245,57.21384491370954,70.32319358010227,57.879432329783036,69.28907176465857,68.51816716943222,71.14650622949345,70.83165661421783,67.2648260071716,68.66266367164644,71.25906899200011,71.49007385106704,71.00267712648247,69.49265395220966,58.14502027007641,72.47285530617062,68.72810272116476,56.51680435749207,70.37241403510961,68.13377194000016,57.686317635198805,57.69043642344385,69.29763741362133,68.2432778814973,71.53678301434563,71.79100975733975,39374.25490382412,39374.25490382412,6.0
8,29.796753706795283,25.931428981964235,20.64053198890153,39.68992568322394,26.611471528653112,38.14502883870822,58.57373289289563,49.31771509807417,58.225873802658484,38.53502999895668,28.08239431743321,38.82239854444811,49.0399296352497,37.0945466204913,48.16183999940149,57.8213163377664,49.13712931486298,27.14766457126239,37.63527692596098,49.56160582184902,41.5973358339146,39.82673308353339,39.124205665366325,50.30675387577484,31.055272874118373,64.97150263078538,66.66443477060882,67.13296894971097,57.601597405746475,56.57778208619902,57.81903795987864,57.76596269652896,70.34739213955966,67.53295307402111,82.56127985667072,72.62261958660005,83.45562234609451,69.36900717607554,84.33914585738584,67.96662672650886,70.51475251020251,85.30712545876004,72.65525046584403,79.69409381566183,55.87896544653809,69.98502061928816,69.41915058852173,68.962606201276,81.18762600966393,81.14244264482514,82.91409100396922,69.29438746713299,68.61790717253712,68.6836758536967,81.91740590245645,83.28082462698622,82.00324040621054,67.18483536808048,84.5317452742338,69.3605720598949,55.17583374525884,69.32880693120701,67.74692188845438,67.88618867256181,82.1399462095781,86.01147057729577,82.80607467209157,69.04546366808782,68.37383693144848,82.76124859181164,54.29553181433575,83.48645373890758,82.86044262562591,85.11360741983353,67.89272988550711,82.12859985070718,66.71825201734245,67.98080144434184,67.86259341348531,68.58213689303784,84.14189798679635,67.6363990472591,81.64430125696799,84.25146820025438,81.76615584888387,83.67087162039897,54.34567046410334,66.62596369344246,81.3789092591287,84.02670607452,70.19813084884746,84.2243433507645,66.91202667802663,82.84917337238967,68.47233838489547,83.96720497036058,86.75806364739546,85.83687400186682,80.60622706044414,84.83126875194284,35771.62017731632,35771.62017731632,5.0
9,21.620468440495983,40.00087109530813,25.025889197757742,25.421744553166928,39.40013578057216,43.99357509091438,56.91592409397534,57.94170589966965,57.25610989507422,69.72567563195514,45.59911982120557,57.557545247714295,57.8714723592181,59.186295821039835,33.93367136088433,54.20565753075254,32.85737884863435,33.56955456359552,55.251539409908624,55.239100277186076,41.33396922307427,45.793565966239214,46.26089067265355,59.11246210002262,72.61701619790809,72.80334193765695,32.55756081633191,71.54197762780409,60.42117214161234,54.640342773020166,44.802195437714126,56.582249787231376,58.78381104596326,68.54909494066214,69.41369956778522,72.16293211375796,56.083279655017655,57.09652557362017,70.16858792725345,59.27728000529097,29.523149288562838,57.75986693889513,46.313552772470324,70.56844660252644,46.63447269655288,59.3840146887757,44.37971824956958,59.39812962972945,53.66779327048181,73.12395398854794,71.61564633694086,57.60846826886253,42.03257626648408,68.5386756613841,72.282984072676,47.283797785082754,59.3087286866211,60.08160530804264,71.37855951203619,46.74775429246495,74.0574887393547,60.974868553995215,58.13518590943003,73.59640094752983,54.20521827221197,47.67146582889715,47.539670864843174,60.0894071060064,47.540141203214866,70.9534289927545,58.724851368397744,72.01365514817007,58.74135129343009,59.451842710609604,72.8156939231917,28.920869839602688,72.35894554430554,58.022809704911616,72.59227014079715,55.712644833439334,56.2811590897223,71.85711286524929,42.173579819269776,72.18972195040745,58.961963069017735,73.75813650815871,60.65016452558757,47.45544004227827,71.96044685963291,60.23960062980101,45.85669966137459,70.83706698975523,59.40639301620521,59.98309177530253,73.68893110667098,55.661819059889545,44.47790600537238,73.2962801869071,56.017244139382534,45.62908456599704,34414.120461493796,34414.120461493796,6.0
10,29.585756755927406,25.072838720237524,17.39171995839102,24.731075848527645,33.384598300874856,55.6533052180165,44.993041951338,52.22722575918172,42.801072563570024,42.76860181214851,43.320865331460844,30.045209078676635,30.185476141299144,29.60101984193963,45.11279366156155,43.84408458082919,56.81241632818285,69.96520592207669,57.16950349478159,43.90020483164003,44.48189545796597,70.86846875581483,57.804402137771255,30.09797364308817,43.47341378637464,30.808763373860785,43.5123312097052,43.11004728450272,56.52965480581503,69.78398294026162,43.024891887604745,39.61722608129833,44.29520099302594,57.08699174522019,44.76626893194547,43.37690507183862,31.500740950015825,43.4477975857399,57.34055925785435,44.83252339908737,44.03446949901437,71.51677135924119,71.16939071402764,43.96760911866048,70.6309917797915,45.69186554859306,31.09810773550218,57.87547490660578,42.989318944856144,56.29763751829895,70.23715049270747,58.129450966635055,57.551630785882786,45.070797187768825,45.35710348237664,31.836512239881568,57.9712285922883,57.803300763453,33.281560126303894,32.91920440622954,57.8584555153033,58.172390552334036,57.69705834228481,44.35315267361015,43.103583232650216,55.71497389563547,58.00819576201468,69.94881835225128,70.41586788449088,71.93709407571866,58.7608765132106,56.64835381944348,44.44193626498198,43.13055434439499,44.639539607649795,32.662542141483435,45.27336185965142,55.427928351332866,55.267833119151156,58.27946811522952,58.09188321332067,57.88127574670087,70.93908915271834,59.178469467359264,59.08159734819844,59.17635361285701,55.47002465987384,70.33312038060012,50.28432532312521,57.67671925544679,57.27872642609426,57.91968460961698,58.389222336499834,70.32597518458654,57.233221191840734,57.038271377118996,43.97090184631065,44.16988179419093,44.29691115824471,58.09660531214687,30594.643210659302,30594.643210659302,6.0
11,21.058124489521862,16.868684993203907,22.70771719293838,17.590058121969598,24.69673324335448,36.08052522409129,26.542351547703795,26.595426168928068,47.1960503535258,57.69851450747783,57.37453669842334,58.48136249549439,46.7461672364458,37.48666055439821,37.99281658901506,48.51087605378804,55.640641560341656,38.76797882279051,56.51689284431755,58.691177020984064,49.2185138259572,58.45083495686952,58.31784231561213,47.63985243210238,37.66200711174317,57.784954436290455,37.337529801085616,37.3104057077418,48.55539623778696,36.768371025974226,47.59026720667431,45.89801617082979,57.555573546340256,48.42656283796732,49.15711544738286,59.2737174310758,58.47900647115135,57.620245978321954,58.63013503853199,58.20723343200494,48.859821077977365,57.65526748515809,57.95777301823234,47.07527381098051,58.241605323552776,58.93267956960027,57.40284615834623,47.99919319974216,37.243801067353736,48.47039002999077,58.514903794166194,47.78479073964328,37.87323039192362,59.1777672627805,39.35223452805768,55.95897617266174,56.86574729889513,58.420204376503534,58.62456552304736,48.675273067191384,48.318992977112124,57.33860275448179,58.15971419163543,49.20023463873589,49.48062656022863,58.569584317860844,58.16473286785185,47.67911065280013,47.99449965965586,46.604758537053286,47.565333596447644,58.23457753878237,58.81322689521143,58.380064803700535,57.50765594504368,58.22390848010816,59.80848001360323,57.03678846617861,58.888660681610155,58.189875939438416,38.520077466535795,57.32713942246632,59.00110575611273,58.01662161666588,57.64528459411512,38.24929471273817,48.28870586173569,47.20297390886147,47.524879469394854,47.33796774330364,58.363998995117335,58.49295201621966,58.141679786956956,58.298285179241375,47.93435361253182,57.581047942071955,57.73508871284139,48.136019454561016,48.3674514193808,48.69919413766198,35163.421360587075,35163.421360587075,7.0
12,29.04557816770977,33.68959351417307,33.66298463497786,38.8294267593605,33.70506583728588,58.73843581286744,56.324463138154876,57.19252898257887,55.895386653106925,57.301760802675574,47.37530853587924,46.0198846860014,46.37576030592939,44.14977593315576,56.66098672913849,55.67853043754622,70.61302364591533,46.71951638008673,70.51766112339693,69.0794149316123,60.59904253828481,60.46387467765266,68.03312897942071,73.49405144762152,54.48652441026113,60.15141708673076,70.9513144741472,56.180779049590534,47.62028791759303,59.465455077799305,72.95935302855462,68.91835941741472,58.69706906852266,60.12342231374316,59.418582235442194,58.00025773430968,71.3489332080879,52.37620434696114,69.78887268213468,59.38534336475186,71.27095984837676,69.52028339902579,68.07371548078997,70.57890461995089,58.45514516242154,72.49581849458112,59.507014810622366,55.25222758219068,67.41547730919372,59.2320528210798,58.74306823207828,72.38082856242151,56.20877027664809,68.43073670402448,68.65486616504052,71.3996808461734,69.02809721555816,58.384228680098715,58.96154671746361,69.18675285233894,59.02587964188674,58.38901984815535,70.14376694276295,70.25051821429786,69.50420266424707,70.68519591918873,72.74302081544495,57.215164172833774,57.040689568081596,57.621431854094375,59.30361491044717,73.1598013985434,72.4762717587176,71.54114160245096,72.8885018907243,71.9313984244912,67.29440875592718,69.08042143486455,71.60321476560846,70.74169492107853,59.93688907526094,67.9607478119326,58.8327963053635,70.72066016473802,69.24714349512078,71.15015484146208,72.90853991952099,44.552639204873,57.73757974537656,60.260886842227855,73.31016231650347,68.10908792192474,68.20052889012398,56.920331876388445,70.68851575794527,58.4853894623202,58.69807956220418,57.34163126901137,70.2661705111315,59.58344556350539,37700.34025100264,37700.34025100264,6.0
13,33.49258251229806,39.79806866669634,40.31041956526818,40.12624336169377,26.504011010629164,81.91538470592732,69.3512019283497,67.96562515899211,83.16707165923845,55.63480837788605,38.0580145465725,69.32190805121292,70.7542970443556,70.12041871619307,81.49227194101711,83.2947577001194,70.82243103591718,80.97305635814837,69.90585165053369,82.68704728513971,67.3947320937126,67.36572119123143,53.04538021383344,70.00559116354609,84.07166856708928,82.55641624457743,69.64447361510283,66.90457488738521,81.94446440748325,69.7185102288162,69.99842639519457,71.16645020363899,82.74514798847022,83.61419704622222,69.69692219129983,52.8484052534212,68.02375851767927,68.58126553221564,83.90056143535958,79.70439766562185,84.41266477150312,69.79414290525719,82.14871570171518,69.33133588344508,84.06329081530312,84.96160794869301,67.27636828218056,67.08571004898336,69.71707180280912,83.67421968889921,55.28863628433673,84.51872118230558,56.38197523388671,84.26354140075873,81.59177530134511,68.20153863360551,84.72278567913982,85.03844366666954,83.38179442585133,69.45776721825982,82.69303256113926,55.25455811209922,66.49215950666903,52.72877922901305,82.94644436280105,67.7983181957607,54.39307570353799,69.06173885388871,82.89043012920793,68.49099753424271,68.08154036370698,83.54092064728994,53.6588698164958,83.40550741136266,83.35846689653772,53.98369752328949,83.8429695633935,69.11511220859639,81.74452566022447,69.51705842956748,53.71428276335528,83.14628210954834,68.08546082796337,67.02681523364481,68.8842018962404,83.05578518866241,52.97323692851451,69.92013333062032,52.97307894959467,80.97235408128545,82.24752269126876,52.28324905789641,83.5687236037913,66.98851812673601,68.6670429008594,68.69574998830949,82.93816214309064,83.60700381695897,83.94856863670284,83.15023180527551,36220.07287449383,36220.07287449383,5.0
14,36.344277965081844,25.67622395578138,32.49071682302933,40.2033866801166,39.8576400559212,67.14963072780282,66.03921533134046,67.58153386837364,66.62324231889644,68.13337002248434,68.4086688486716,56.058936844126436,69.22823281400379,67.42251572646082,69.22893913141213,66.82736740570108,68.91675003410215,56.764216356681885,68.84810464530922,68.27059189368451,68.4681869217872,57.05621877869033,56.52481885901006,57.5707244281042,69.24818087417866,57.62473822624464,68.07793253991156,69.61680349657199,57.70471242013438,58.22946458001538,56.795768870032816,69.63750360462102,57.952370839348156,57.803718760853236,55.449470876396504,57.047210144620124,57.802802781664504,67.8703173329446,57.86888122158829,58.14111002724341,56.58881571106868,58.20416443718443,66.54529788319307,57.32898391885188,57.38674127058918,46.39151362321729,70.27328203506947,69.9510795591829,62.46920602760937,55.93347878520782,67.844852125582,68.90226066476862,69.3142430117103,69.40963417204186,55.641645468088846,68.30576212088734,57.594344849943695,66.29218469878636,69.66060802669381,69.28621801915399,58.26761179247391,70.43347494639222,68.38037991584406,68.04244049440074,59.27420746964693,71.34826062664433,69.33984761326572,70.59753699911046,58.6957812408715,70.92359513186436,59.78216626500068,71.15905380078736,69.25762485192256,70.46302312426603,66.94359285778076,69.95393527471667,70.50662836954204,55.16609074508907,69.06840966724637,57.18214518388648,55.795242642196854,57.90190264173316,67.70088558758228,69.1779790130225,57.94964918334722,66.2073165216096,45.046269638343084,43.96116070671528,69.01930435468027,55.33321124540436,68.68902552173343,56.856248618750136,68.22340491581508,67.81184448734211,64.1568413391517,57.05325085824128,69.3703200906895,55.61011842187683,67.30566614125519,69.12871089571217,37940.12681774609,37940.12681774609,6.0
15,26.833688807619716,33.40000668478428,28.1925065910836,33.333323201852835,34.035532287629465,44.781047284586,28.604678559131408,20.995164188449984,29.486348976631795,46.4530762367962,29.462215210540244,29.74165392785287,38.23981694544813,38.78232586982588,53.075959800333706,34.312871870032374,32.93748500525828,33.131406994954176,53.307114886055814,43.81340585311359,44.331674804224875,43.436049755297546,54.41901748346271,44.87365712608761,53.34144514250926,43.48233924985049,43.335051754312055,43.28569880659756,32.48385785949693,42.82097773015289,42.314032403507596,33.57725278961752,43.15895880228847,43.58935468555819,53.34308892247907,53.57090242693894,53.13707103181042,44.987340474390365,33.22723509178704,36.12482249216677,53.046182198852364,52.01489997471731,53.71215354638127,32.51217969681669,43.66507926626491,43.322083194867915,32.54966689170032,43.72854304409957,42.55745223885782,43.353036643762756,34.484902280841425,52.214093472872264,53.98672849757486,53.14832804839779,33.686479043979766,53.737859346914206,54.68357777429446,43.452736994029706,43.09302109410784,44.20507019205968,44.95207923267067,53.84165126814986,43.51325059495707,43.497207012286765,33.027135663695475,44.03346105418342,55.06577726421506,54.4401425483959,51.274128025208825,54.33667545825671,43.91362734077856,51.62163168443976,53.18141704143966,33.09140013199183,44.83903866156572,42.21018146418049,52.7090278372267,51.91989522539325,52.217871781070244,43.62931168980276,52.913813259103335,43.7096974108304,53.84608141260253,42.32512709852804,42.19975663103244,53.191678679458164,52.47544193075544,24.37084586863695,42.42073496769561,43.48629654271966,43.81789534343042,42.415295951622056,43.11745646120025,53.932444888981536,54.061131886659496,54.90833262024569,45.573916545671466,55.358348086874,44.54025218176693,31.11009010329721,35578.161084800646,35578.161084800646,8.0
16,22.93968497723243,25.42710621163667,25.248581510840324,39.80343897000072,33.975975937069265,59.39823783204095,47.24756351140945,48.16069258114768,48.226992531144795,48.364005996491336,27.21337416587857,38.5498391154243,38.49757286583975,47.59324475694003,58.779877065621086,48.73709477056605,48.47359717749135,46.47073725554162,59.7602907614317,47.60708887125903,50.19505783762366,27.268184326222563,37.595886378592475,48.98190209864361,38.85225478210116,40.141195628172035,37.180666653172445,28.716376959186658,48.95089821371363,37.09034623687166,59.79872093365658,49.36528531483384,39.489290014214866,38.41383994100118,58.89447303218071,38.13267686238165,59.32577614244006,39.71318379876987,58.02919768048351,27.220102145754936,48.87348194922567,38.601880960019,48.486134126455646,37.323138020859766,49.346355034051484,39.29870510072634,40.08568766599381,40.13312003883876,50.27053376666341,47.608741259681665,47.08853510807288,60.09486261945832,48.65477891873301,39.20128070647458,38.17431540485073,49.035397897668126,59.78034179858956,49.6803975201721,39.97286081725669,39.09024754335182,58.50300758201671,60.37723517655747,59.696598134009555,39.26875158679809,39.91124580068822,48.088219567438465,49.353914696077744,38.00270151319306,37.733470297162775,37.870937215575815,49.32154061854778,49.484843774583624,49.02109865460985,49.39910125760438,59.488927353223644,47.85152279431941,27.643527864137468,39.124913136949964,29.397787215711883,48.588786442383984,50.170545821903225,60.818729463225154,41.04401542095674,49.38341823339819,57.650267170514,47.93780561997034,48.88768653069061,49.73060896199441,59.47083667296673,59.95384103891619,28.59018560951498,49.407364981466245,49.78173718576662,46.51178131409194,57.712992819025466,37.44819733583212,37.69446422451678,59.042169163593954,50.36493996481873,40.060080939074005,32183.130713612296,32183.130713612296,7.0
17,30.305118298642746,32.50530003687353,25.770896512642842,24.50373712283256,33.54901221496059,28.210047990459,56.688949098511785,49.39033813758188,27.249647378622686,58.4566894817532,38.69739085307045,49.91461539477428,47.6201253241257,50.2676798536679,49.08591047087013,48.346393713087046,59.02738360534022,59.44607390555185,49.16634870755596,41.85305011207571,28.21777472243877,49.12903885621687,49.783489385252146,48.63444322456904,47.63342114947006,49.044139611112506,59.62692185621956,49.570233145087286,29.03586867967387,58.42182135356019,58.63787675835153,59.44374016413693,48.32858184528902,38.24615682454638,50.0605006470003,48.873711069416075,60.52371122782012,49.53728536379011,26.948669152038487,59.082066028213475,39.63080424040397,49.18453912428054,59.6223525905707,37.53228041176279,59.83366660066148,49.65098694768166,40.168232062979996,59.32073626791654,60.58035015515524,60.8802718763939,50.03391972266564,49.695589313607115,60.53565351073108,49.78913636203538,48.31604475297377,57.53777052417627,48.912794470829375,59.943785617389686,59.01054908287357,59.97184990829491,60.06723765308594,49.74461171861292,38.67258548613667,60.097043803184796,40.22081135624272,39.777587861917304,48.986983108952245,59.79508448781962,59.18030893012474,37.345141856489995,50.139517618981664,38.82895684767829,60.32437754655731,60.84951734063049,48.053502684868754,48.36712477119123,49.54664218619804,49.90245765420919,47.301215961594934,58.988811357005815,59.750730681120594,47.84062255691045,49.370883967419786,57.94261448144243,59.488217453835595,49.485404069263424,59.18092913340011,60.144989071383016,39.587574395640665,48.47377514075068,59.56383938518229,59.72454053329914,59.20919906430858,37.56205756428137,50.25666161501431,59.92123392745556,49.11991172310179,49.218349533711454,50.28015371305336,59.59967768691136,35166.17670380474,35166.17670380474,7.0
18,27.476696859628312,25.888913676343172,26.201162495756186,41.45006443104917,33.71949910378254,33.36275318768561,34.027405749205485,33.155684215007064,43.50245413757934,25.218162908512507,42.955342975774144,32.950910532673525,43.544102112056635,52.53600308304264,53.211973522173125,34.204053351352684,34.14129487408458,24.49932468677833,43.74334987880533,42.276196621232216,52.485387842231404,34.370348599330576,43.926962142772965,53.00606469475002,51.34725482101689,42.56994317671975,33.37233701976247,43.66002688192856,52.65840425587352,52.61885152859418,43.4319193558526,53.33553959562849,51.68159476711895,43.21306271883935,52.642716724291915,53.47175481754141,43.16590061963312,52.99751888316882,53.55537970734531,44.93168129317198,52.99350758933889,33.940541276836,45.1530013538442,45.00225463380531,53.80118314128117,41.75547175004088,52.29967138646805,44.53152572415489,53.39922838161567,51.69222124984742,53.64050053380083,44.18380164660283,45.189581668493446,43.496544502319466,53.39341245003368,43.99501407965906,52.55595628522633,43.309788495706016,53.498234000648466,42.702250061680616,51.80066066272934,44.29144567746869,52.83544166441152,52.83137895300365,43.65287294251972,43.983623796715705,53.72741598462471,53.681173942345595,53.1713530520949,52.36373380961504,50.84934319370119,53.103773345451174,53.27908600024966,51.688039993144685,52.1718617693615,52.54833068934545,51.07424804230914,43.477757383587715,52.56855463811485,48.347332744044934,53.05775006401427,52.39190630811481,51.716354050631026,53.01437486402574,52.64113998549081,53.41355528848271,51.55058299111698,44.13848316174699,51.8783718881034,53.47801476876339,43.36145182374568,52.776357015784384,53.152932863488786,51.566848390194764,51.7264073967151,53.285372061616954,52.304558197251026,53.273457953966044,43.43632957135313,53.40762863862392,37653.96062215365,37653.96062215365,8.0
19,28.290568791389386,37.01536321915463,40.03196502681876,32.37837120400638,32.47925651299789,46.234503287633565,57.41810790539472,47.20815983967862,58.06976217690338,48.98830601418943,38.4733047229123,46.93707493623224,38.382921011860674,58.564337726540124,26.409469756090203,38.12617589707289,29.200436257563734,36.62441163688264,46.61319604739287,30.473805514854632,68.77199316405726,56.936163802229636,55.86991307197324,66.27357678035212,68.02079789116635,57.78321382720171,57.30976240561963,58.18144485321434,55.537389378652584,44.140372990543824,56.051879424859486,68.93794253078234,59.84473024620644,68.16238767562163,54.471704503229056,55.896162293993235,68.20570025523041,56.10645345257626,56.97147555996465,69.10868778070137,57.82199068293738,55.03846019871569,68.91794336198768,58.033844971710835,56.5993639000773,55.280747792234024,68.74600616388852,56.57496704436884,57.058446509869405,46.91798953752925,69.68518020922049,44.04626544375643,57.13682178242675,56.693168122862325,45.17369986047712,57.827117879173784,45.07196121890763,68.92524036755799,57.02375425036602,68.0463820654639,54.362521200599794,70.27185397709756,42.71838868249919,42.30832043670864,42.099775602456816,56.47238111806431,56.29299940007805,56.909725472621936,56.42753980719592,56.76132053220423,56.81128309232046,69.87466578331093,54.86368965185784,58.050285561171926,69.6718554819334,44.7780156708176,56.38797054490707,66.12988242585,32.4385878808701,56.00414188808221,69.27321971353012,68.58724642738753,57.202482597638664,67.172927920518,69.4004304264472,70.41694143141376,44.617864437182526,68.75307884831265,57.25550312953889,69.67193133373075,69.44114630894698,69.70124366557502,56.24872143842629,57.00391451062476,65.85171842845587,69.45666581111959,57.179146761312644,55.8943467947513,69.08685126834189,69.01780151764888,34563.35299649939,34563.35299649939,6.0
20,27.465024998781068,31.41133733575926,17.125743476072724,18.121505200271397,32.77128783580323,31.876061816202956,31.2866992223872,50.118269196369184,41.72552954409092,41.05501478985004,41.193818337850146,42.15773069667548,32.08415324591588,50.95160000489567,50.42005957090174,58.22769148290628,48.45306954936881,49.625409916166575,50.159612225034266,60.18150480375724,59.184092330140366,46.8499813695811,38.26538310923657,48.63213999325473,37.877270164302885,48.59502483334303,48.08544910248678,58.058117457780746,59.98397009286464,45.46933494718993,47.12550823453132,48.729017315686896,45.56767621416311,48.43510441126068,37.938512726136494,47.75067168035644,48.43730972430357,58.87541153778698,58.475675594721515,59.46947809062749,60.21013450651026,48.99429055970581,49.47125474441972,49.517829711813725,47.47524938695911,59.5465711788937,48.631339251010594,59.245314046250705,51.44483036476386,48.623348208811144,58.21345811537685,48.11018846261261,59.32847374972763,57.41837899741274,59.04960718069281,47.641463469434676,48.520369193643994,59.86360354093098,60.07054645988553,60.08986258964199,48.03911571621656,60.52337829192233,48.58615982284221,48.790272079565646,59.15221969982407,56.22706220381058,48.83984684507465,35.67761522700419,38.28191355462132,59.2955522164336,59.39297572187622,60.41444684285515,57.56246031510663,54.205302619756516,58.65771515480693,59.890448703516604,60.08159758311974,48.45354000417121,36.293992306286604,48.91087250069443,56.89174587704864,58.166514163709316,59.66693132039446,48.32551338410521,48.218985340402114,58.6890996808262,60.204641288059065,59.114045721324665,48.02289608802492,57.967053062175445,60.6287231005195,50.35782738416411,59.507965400696776,47.92704485571208,46.20297936396413,48.684800051234234,57.863525712970194,58.50497666936202,59.209153831569246,60.290367916237564,36013.37913760044,36013.37913760044,7.0
21,25.12608725461818,26.19738334786863,32.63534343742341,33.257573837444795,40.28523909495916,51.638303070842426,54.21191530633625,69.1068171497368,69.44485848252717,40.57191872428987,83.09836045170857,70.28176821914465,54.79839488677034,55.55768251893888,71.07975660600009,86.14343535434537,58.32040111293977,71.04025424105441,87.75635764514945,79.09672808199579,69.00781555299315,85.97036559796534,84.32446222479521,71.9563809685058,81.2425686603247,82.66522063493585,83.19382918701986,39.53748019018199,83.17351656607534,85.77419539706133,71.1606016427517,71.2575434994246,55.869991027110586,83.75598075963816,83.25466926138779,85.91505813566837,85.81847130767328,85.3740807187507,83.79752784092189,85.18656852232371,69.63842295043912,80.55819455384372,84.30506224306664,85.40725126220514,84.336313240022,85.62353545561855,69.17896761557088,41.01384443841118,82.97201692414492,85.96856449296065,66.9642885182161,71.00701469696737,57.81890465871034,83.51078731034904,71.70774556388938,86.50394254780731,85.87577569186287,71.04673368368636,86.72527512715969,70.7492061594431,82.96668117478366,68.0072052089909,84.13323116440498,86.67007424405638,87.07707010720951,84.82919863182379,81.16627241041787,68.72323483845457,83.79828929889118,84.89833555594268,70.74805331838797,87.2872224376988,71.52301927379514,70.52907385360186,71.49235286002647,84.32476415293095,70.62695036135597,73.37035664402906,70.58310911966574,82.81435461745896,85.81263970418222,84.32045667915172,69.66102382053866,82.43680681566002,56.96393805123455,84.18314412034451,83.30086779063313,70.01529286641971,84.910714294856,70.16518206823756,83.24912547305902,84.95775536480505,70.39728989113,81.14259816952544,83.82445298680577,84.89781396335857,70.13779739332395,68.33343472935489,81.73606001903063,71.7217759896283,37570.177000457494,37570.177000457494,5.0
22,26.055256918973335,40.489120677080365,33.72938609540082,24.829371869632723,25.220660897376,48.204051176152184,49.09687171630769,38.247731788708734,48.155458090340474,46.33968803326406,48.63019936558713,38.23019873912561,36.64697047303752,49.5587794412294,38.63087879330825,48.80921466706745,38.31982715559109,39.620828285854245,50.029716958860035,50.143513226403925,61.052989966883224,61.156940097308116,47.117487223244794,61.91692666655126,37.54560532661883,58.82001165439988,38.27477089190101,59.968313918990326,59.87501639257549,49.71375426826814,61.70458105870408,60.56706001488377,58.31073814338002,60.871921982672056,50.34499642325227,39.95059217714846,58.96723884429009,49.792423182691046,59.334134236598594,26.448335922565594,48.378480771070436,38.88789006854308,47.35018256551913,58.51369285212065,60.83656026974553,49.72362577073847,59.795196887808935,28.73175420357007,50.611791711618515,59.88253100984866,49.873667537140264,58.14594019277482,36.35753664440699,51.752905187436376,49.314563298844845,60.20382584043169,50.70255018565808,61.99718152924912,61.46320650686981,58.947271231468804,50.17981105504761,36.44565984051197,50.58417294277995,51.04564240152773,60.37087773768014,59.76906588265592,38.7188437269383,37.029008534968206,57.45620189294017,39.25812560026046,60.10784493114157,61.847608044320104,57.88725765729065,60.46686916907116,38.50541978047039,49.602352642874266,60.43075432712807,58.88175444696598,37.898937790503155,52.635851286343595,49.78748125917429,37.58242507290054,59.46665775229212,59.18918502078681,60.3740838040954,60.16092575377219,48.72221886821769,61.843750762252185,62.1632789059921,60.243870332802544,47.11408127020494,49.76913169551759,61.54223742827058,50.25129066307928,49.39947070477184,60.761798877082455,48.314337691705546,61.97529241857046,61.31331249770119,38.978749052214425,35662.8442852248,35662.8442852248,7.0
23,32.400947223098754,39.48903595619804,40.37131860862762,26.10289169180882,40.06210520416535,58.50423733686428,59.19013898515448,49.349421307906695,35.588428870659925,50.0124112493825,41.28777382178213,49.6830370665141,58.918332439852975,59.025569956597934,58.66421169105573,56.139935466331735,58.61009241289156,69.88250272916048,59.831900653278865,59.848116660672076,69.9535446530336,46.587181874650504,70.91992231481129,59.942220177945956,72.72226453193802,68.69387237096514,58.82985879709364,68.33035824368373,59.46494180049399,45.38359392050048,57.92689833979957,67.80513758776969,55.07750642524638,70.49938994348892,84.55947888626511,70.10439461400566,86.23574962868005,85.40747894063736,69.31782536305619,55.767124190174215,85.70251715930772,55.71930971149154,70.56256302115034,70.51122561835719,70.2086592156775,71.67554097711745,85.23402044679355,85.14404317471372,65.87190167534773,53.8231235529448,84.76979140445488,69.58374057027113,69.7415068619417,69.39185415187512,55.22452109246424,71.91003999680825,67.83338562515655,85.9703352787994,57.97031542134173,82.90583756364867,71.08663661044902,81.6309493484836,71.80296850108607,85.34307840735286,57.28858399147757,82.55511854563319,85.49500065664843,84.63946987870695,70.45987826042138,84.27217386314787,86.40094426237775,86.20778753008581,83.79935036108546,69.67939831211643,53.25087730130608,81.26932849511832,84.45224639802363,71.87966289449423,86.16045552190772,84.2555069331991,84.30160953221294,71.12579066234056,82.67676102668301,71.36650087889366,81.84298043589187,71.90532944142869,87.08718078827096,73.47934653170105,82.50364701763537,71.27216946285589,67.56927135949718,85.43009994944623,87.0686983382283,56.220358872488035,85.89849347640885,85.20245074322574,70.77007252728326,69.14910200405411,86.29992488254865,85.65867743224825,37056.12714085284,37056.12714085284,5.0
24,30.38818031572893,32.80407160219187,32.80430782215647,40.83336487610437,40.31273104095799,58.932073426650184,46.5557696369519,37.162312993180876,59.521036861617844,48.00865183711841,60.33615846150011,60.48320727646455,60.67847180339793,62.23045349912343,58.386247036144475,61.883166163664974,49.777155113531116,61.62022587394865,49.00716000462993,61.358923289043624,50.33743976940729,49.24418379104856,62.18881903130864,50.209803512308746,58.70817059278277,51.048920911421256,60.0751440572094,56.68211495578797,59.69388625161904,61.10149495877814,50.21572296223224,58.70345470054368,58.726914777394086,61.27225559230734,49.76353176696171,60.390839617927796,61.25174464912782,61.4884276313276,35.39884361943823,60.37800432508071,47.54101597973313,59.373763008785055,48.277877698306824,38.566842725983,58.524744522387536,48.86396194477787,60.170701359266346,59.95684779212258,61.427668109593924,60.177931795978374,46.66473269924408,59.06227992531727,48.9258489622181,47.91475185391414,59.92517635298854,61.04985761995594,56.73852712134438,61.28193764978251,61.275552397372586,60.427530791563576,58.64039191552255,48.784338544679876,61.798279166867395,60.98095953147458,59.38274117860978,59.357855582253706,50.13592575082287,50.01795552461908,59.94198795374775,49.28697765419385,61.40291802803491,60.20420651255621,61.653257661277166,60.722627402264024,59.86403918895134,60.90096470721424,61.83306838884476,49.686492872703376,50.12096605892368,49.812252252697526,46.57239217935926,60.482943250698945,60.40111222895381,60.41856139138177,48.83851308999143,61.264843531435645,60.9198442721294,50.118551187721565,60.931582614250665,61.103247141433066,60.5534591961953,60.5643296222019,48.90157486328753,60.368487014018946,60.592926064124704,59.64041734388827,60.82780953909956,59.80672769636892,60.56106734687585,60.52659722868196,39269.666872751215,39269.666872751215,7.0
25,23.882450841066905,25.517714142822996,40.35460631392424,32.760741907153985,40.53081459819778,51.85121869703524,64.3274792632265,68.36987033208587,84.78601836605876,68.71455749233596,68.1986796601536,81.76418350194686,67.58864735918579,70.18206927503203,52.890826678901455,54.160333354919544,69.91799528088784,69.30973270898772,83.6564898053427,68.09980826804409,81.63052528456755,69.14448300367883,84.10477327453718,53.648894506865574,68.86600294110121,56.049111142222976,53.5736190177852,52.70868119747813,83.81990656228781,84.78402789193652,71.63025756006815,82.59170494696173,67.5213636092079,69.1540803144454,69.64695479314916,71.87208904681957,105.64263407427802,107.76334112512632,107.88971643213767,82.31499535078692,85.27731127148462,101.03093969958366,106.08804179627896,106.23862673259646,85.72037533820014,85.4178738281986,87.28637688400136,87.07373589576838,107.1868902900435,67.20996513024267,106.8865930724487,104.16394643886724,105.99914772670627,87.12657724769849,105.5627265494752,106.67820979046019,82.61561133678919,105.28488344696416,88.14767592931747,106.05139432005626,107.41644110511811,108.67689391283602,88.78863116995137,89.52479378496935,81.61344343022682,87.52352224403967,83.3078135621086,103.67269487726935,86.79521466083361,87.20481947254638,87.97345251424895,103.85204262857019,83.2752135883145,105.37082653418292,106.01078961269923,86.33764076647384,107.5275482831239,88.46687045027898,105.94295008714721,107.22098263181124,102.15115585527997,101.5008401352743,105.05174418604383,106.10344040208656,85.12224896372328,106.00554562889147,86.64870827017705,89.63865925911864,85.37986755538685,69.59454693138053,105.78990791846263,103.41395115966588,108.37545084499834,86.65511247915907,89.19146022799703,103.03633495531358,108.91948709761664,107.0379762822231,107.38665735258746,106.3890302008358,37115.494406639875,37115.494406639875,4.0
26,28.05467437147786,25.302602976752738,33.37295943749706,33.75222574667598,33.3887722663756,37.83361201010925,41.936431070770986,28.463030907791545,38.29721435720339,36.258456308962295,38.18068227339807,29.67956522583793,44.81723225760787,45.63182080445304,46.32447548047748,37.049580934782604,20.638050839504608,38.280686972776465,35.536269152022896,24.38712445621982,46.077186743597494,39.50794669533109,32.753213636518794,29.698533057831533,38.659423574321394,52.027838091463764,42.72774653172472,42.77018608095071,41.52453113367346,51.81881331154767,42.1738958962965,43.39581774600779,53.91968464724897,34.24739406340565,34.74785043295163,53.449482218023604,50.88243831198548,43.34894969183779,52.139116943652624,50.46254902127832,22.932218380147475,51.830509795494265,52.25325952116907,51.783571429947656,50.40188617726653,51.95485437182617,53.276903794894224,51.224548794686285,52.151293564501316,33.04518449094827,52.03160605841481,52.40461020277412,42.38073578871669,42.17098324941088,41.6580197136345,43.35755993882478,48.32331492040862,59.5096139049714,49.143610315255174,61.02034047915,58.433288834723434,59.12117733932639,49.14401175184519,59.64032584821858,37.967951383048785,60.481036569647586,60.39215809554961,61.316418239531494,59.285773851587045,50.81024089489093,47.387660936038664,48.31540602764913,58.73461102992236,58.79483454076736,49.041881371709614,49.34873564844351,57.84382089470169,48.91153273913733,50.24207665193415,49.92040127158024,48.24356408148502,59.57552814328437,60.09119783337129,60.592629287307446,60.151838576086185,49.39192725818371,60.361481538724156,38.3957390230545,59.73105738692266,59.24307327785495,48.977994631459424,59.38285881460342,49.35588589235041,39.59279057279127,59.63639122727831,59.64100773109177,61.739964376371454,50.73838276660432,48.95096065082388,59.02836530729174,36286.42952739996,36286.42952739996,7.0
27,28.70791956875297,32.87602610162084,25.11808003915611,32.12549863086017,25.737172484236293,57.550255368540284,58.07045396500673,30.02819923974282,45.65591571525929,32.873085566008626,57.03835878755988,58.39391950915558,44.63774882597346,45.23969890374982,57.408975660455006,44.887155322849814,47.104934425198906,32.90139234972912,33.596471442829845,57.77412083008463,33.062745037604934,47.59961912642996,33.47759724146248,43.991204902659696,56.44595070170177,46.286917861755875,32.70561754594417,56.83416536067716,67.84421207481189,58.55269097849877,46.489485244895995,58.934465082173595,58.007021446144186,45.70075433271256,57.65296660784954,68.48685235749456,55.79779203183511,45.78835436948356,33.44396072810116,55.19502776455564,43.484755786106746,46.211059681546,57.95996907662781,32.36962473869744,58.65164670249078,70.10525854292716,43.318081217522376,55.79969324456533,56.33183007270342,68.74519833839138,56.876852879384366,46.325667327084034,45.6261721792323,69.15590551251155,56.96234356967155,67.22838842809006,55.30706061682387,57.48514891268231,68.36560407915583,58.62683201116374,70.53518656630088,57.28848078105572,45.64151319179899,58.10442175041597,58.93511434112187,34.354688618820624,34.4059814431404,56.161099236320126,34.498062344477,56.792539809473,56.39435968929706,68.73183507648521,71.09843746551587,50.47917722043356,54.66225509058419,56.53429271178629,56.18095494510256,56.44639996763923,45.57604982551849,57.04805451461334,32.03453601589621,70.45044877614328,69.4523168195022,67.11714016413407,46.10234418293866,57.09032956313953,47.035358898560695,56.674055542254564,57.7295945271538,70.62164114604336,57.51280279827021,71.11664697406013,60.27282836318121,43.58261785833338,56.06035426300408,45.74209533711928,66.19174754303367,57.934950499105675,57.34548997455281,46.3987823461548,31666.027963099044,31666.027963099044,6.0
28,27.619215449171868,33.032238050022706,32.919634047796464,25.640604491683074,33.37916587606095,58.91606345536517,48.956249409644506,59.95915678553978,59.41132472275654,57.714452755297906,47.56151844321981,47.249345354116535,49.0228642484857,49.70567904459164,50.29360502356356,60.607410192065245,47.99941800320579,46.393818116667376,47.3204482738173,58.812106104928134,59.11800220008887,60.266188040479065,49.8005110294751,48.45877805091073,59.52061218134505,59.93595706531135,59.787117065008296,58.59452186844698,49.590648905211616,36.260031658929094,48.635284776788794,49.45529862531108,58.944421789215475,49.505541169347836,48.701692145789806,60.82377599129888,60.86233493902874,59.70940052745738,57.12617809892637,60.133947467056615,50.57383515120845,60.216022886418806,60.43932672584138,62.20659682500468,59.22609229128635,59.99963250627953,60.20610610037011,60.11302528669142,48.82132096864746,59.18636782331201,49.23590055516801,61.12978030963144,48.09762184760102,59.80615951741701,48.45126920192307,60.53714834954878,36.28581323936443,47.23807269819536,59.42416979117206,59.029503822782125,49.36836274773532,58.922969036612166,59.97050196542451,60.2047232153023,60.00518368647915,48.63661092937404,46.577289145630324,50.216606277336304,60.55022463775121,61.79817301970498,59.297737849403084,62.53490205365616,62.28678414609671,59.39052182975034,48.202951348694974,60.66262770816177,49.75597002784845,59.373661752810484,58.82979793463106,60.5604518206202,59.53195523849926,48.8798458236147,60.160728880373554,59.38573021997412,60.544745548131814,49.8044541850904,60.047463693494784,48.92168331873214,60.260811969168834,60.36266492493269,49.546143714031714,60.986131849629864,60.902553523542466,48.256183514800355,61.00846982096183,60.18864329331778,61.20213764859818,60.26183512194192,59.964307096107795,62.067101135888414,38519.55835671023,38519.55835671023,7.0
29,28.603026417526337,24.78779620320029,39.85905919060698,25.42012130518908,24.34133049126649,28.35507165790643,58.1425925226953,48.054829526940374,47.87899475293599,56.67335839851061,25.06819539727619,58.78696567490476,57.2295124408875,59.09054716560536,59.194838873465315,49.23524835648037,38.508458227060906,35.149102617020084,37.64699640924659,44.31546525968635,47.768835244262405,49.14089923259593,45.89040853011545,58.95681250963269,57.70455547815795,58.46269495935064,48.010656712937006,57.96000080910231,58.227553949945055,58.371528861794104,57.62123453838213,59.50949523421694,58.193633993173144,47.60054344443095,58.50707181811789,59.12819652787323,59.11016461044634,36.649645292339436,48.55313352141574,49.43204166310012,46.07069780231187,58.31535226448484,38.2412433970507,58.31275655781071,47.788931955221834,58.53227563868914,47.62403641129023,59.6130155496972,59.61851711365888,48.133608157043874,48.89136039343526,37.61556123077575,59.03109078559718,59.734787625478994,57.904931281280106,60.37039795599672,57.177260833526006,58.18687945038927,59.04683009313768,59.98248698333977,58.96469359695269,49.04784864464297,58.59559548278081,47.81224873009988,47.35830347453884,59.10879105699606,59.309684001320875,37.538440541454406,59.68763821215076,59.23686843261164,58.720394352290114,59.36583391302429,48.41812643048771,58.4390878623591,60.2404628130697,49.716275616915446,49.88452367385641,59.536255516282964,60.46190883690607,57.29852420348406,58.14914215122131,59.84885650839494,48.41973816462522,59.62938145568738,58.98303434892413,48.399775769783446,58.692435020885306,59.84432435704145,47.50487824799146,59.17811327069694,59.83663299853684,59.62778395472534,58.850634342759804,58.60591326341169,59.20308263728839,57.40956841782359,57.86729957668623,48.265202775547145,59.12577116552139,59.0814743190362,37085.21431289518,37085.21431289518,7.0
30,26.986681143024875,32.42408928002339,33.330795837853536,40.12067923051389,32.81540020923884,36.77023120321848,38.27782934457522,38.033498009687264,39.79408655141748,46.64533497481303,27.434297969073118,48.824189695908444,48.75193532552834,58.22163874337218,48.41796515837274,49.30686480825913,58.938136649916665,48.29378012853596,48.03231494140507,59.46826509272853,57.80254684703201,48.23536130712217,59.77121553755894,49.821343746244665,50.763238017801314,57.66048272087879,50.90272587289943,57.7612282898142,50.00963399054892,49.761649456489785,39.17350758278144,47.25840437811208,60.30201984613164,46.24271975760863,37.93999003709765,60.230948390296234,49.51366275154755,48.117189007446136,46.84459039323887,59.014775468811486,48.4429878811287,48.76827070264652,50.24742657939373,46.83261827807622,49.777679202683835,57.91526454572717,56.03815633763421,57.48453742051063,68.77485033704595,69.35428706117152,58.82229876737055,59.2138652487475,71.27515225303637,71.21975086507791,59.057022233600755,69.29880875664033,42.30311665903415,67.12476034261392,56.742741632095864,56.46085391405393,57.36597488786591,68.62073436494673,57.22161867841385,69.66717692499121,69.73719148996058,58.378970375531196,70.17765342219202,70.32955290723567,70.40547801760597,57.45761295532486,58.202649466431275,70.99361628896388,70.86141630749398,59.23049831091665,70.45330930733819,70.5948674502312,67.16560969840089,69.76799371988818,69.3344007801408,69.90606167306578,70.63155950704702,69.83051353171739,58.75983340455483,66.58009718974972,69.65947279355116,70.06989636980916,58.38730951124622,69.87772129914818,70.68727756830413,69.9030574440144,41.5012068946315,57.72252258069906,58.1189346938001,70.74006023192305,58.345257125230226,58.56927480241097,70.76972657924064,70.20417497220963,59.69028540764467,69.70254811125203,36699.789314550595,36699.789314550595,6.0
31,28.529240674159446,24.57982507039373,16.87267783482831,25.35966054743965,32.533632382445276,36.08486430193447,47.96527245819123,54.35778118454676,48.579121225762194,48.054156933344494,48.86608598828637,43.82048336531251,59.87345086647047,43.23355134945,59.36972670501783,59.17568115124303,48.93183308332176,58.93252857866849,48.41708954374581,36.599099097060666,59.41006989880956,59.93224202333782,48.8800368994055,47.972921109534035,48.2763903856013,48.931263008858046,43.852555828267604,47.37496720153443,48.733533087864025,59.38716887688224,60.40239707411008,62.053757009907905,48.782571784812085,58.77822813910224,37.109543029069705,61.187942146647664,59.715775263287796,61.02542735439426,60.80799803209915,60.34801624259483,49.06680227974026,61.41850322659242,61.189797318167294,61.064563777843695,46.40763922291864,59.47578239996944,47.857230566788765,58.94764354209149,60.46931822216954,48.84638243323515,27.126051614410805,60.438222364685835,58.72719800940987,49.677871796116406,37.809350434887016,48.567329835036176,60.35784838534112,60.70762663590943,58.330524206755136,48.83773138376737,37.68340771433548,59.594278148245785,49.612060301037495,50.29780508267931,60.55941210977484,49.36298256012385,59.5270344073524,49.9398680894921,25.726820288414633,59.97515705678078,36.49896163192024,47.01531592606765,49.02529746887467,59.537120951987944,60.32901290879363,59.611731946308545,37.47856783077633,59.52002923259897,60.26986240848224,61.145537278492284,59.83050981191991,59.98869514931305,61.2521937563367,61.29591678666098,60.44056082212982,59.25268195433792,60.290064268307624,37.69246491029531,60.471388042963945,61.3125308776754,60.733060419010016,60.387222434933264,60.73520880554497,61.64372019137382,49.330850421072164,58.60068627157073,26.442045266716654,61.437116493797085,60.67553831024971,59.73246057720956,36732.36525268055,36732.36525268055,7.0
32,25.81452755924053,17.12827794906415,23.96496411672325,24.554346985535638,16.82770590788136,30.63838649604735,31.33992267787973,29.434642046554824,30.731519179772462,31.45164992401827,30.537087639351967,28.786965897659694,31.121964949622356,32.16522327903406,44.50929619261732,31.688305582451424,30.193962112751667,32.0642810550244,43.165636117099815,43.96092730721059,42.66984709332538,32.290095759810505,31.606359996906424,31.576848870599047,31.064257811517905,31.56605567944725,33.350564676564225,32.93231398017851,32.23713528335444,32.96108248042805,41.50497518659262,44.873024668572725,32.19182640197357,30.291246795676443,33.309969806711955,45.670232077312185,35.388590299469946,42.729326496591135,32.33650208092996,31.66432344341257,32.94704468863123,33.626057210251325,31.897167687054623,33.67966867008223,33.01419542880554,32.025385493290365,29.62766004105462,31.183691116616803,31.303993282569536,44.67377637831233,44.377267073020754,32.12596763450514,33.02434875788507,32.49811452822886,34.44749156359361,29.021879394026655,32.69970228807809,33.24783897835702,55.744246117278145,31.50491881341922,44.7496263935786,43.91283945882143,44.64758752193203,32.41933826795969,42.75824262097657,31.06587524707159,31.06585061374479,44.816448578370604,31.268682083146434,32.081191140943325,30.855339711975073,33.8302041159421,32.54108967351408,31.456849176665173,32.2295162908459,32.0939086239426,32.7546736088957,32.5561692722794,29.600914777082306,32.028110994851886,45.17214095728286,30.470127032610282,32.46264979262014,31.653921090223207,44.74681573165609,32.425371518934675,33.12810330294709,33.55213865891657,31.36642924547664,30.723305792897616,30.645415288632194,44.72554493944472,44.26746726166456,30.984345340289792,45.04870219637049,31.23437630526958,33.205721206439726,31.047983986065066,30.04698235425978,29.42100580939943,20833.31284803728,20833.31284803728,6.0
33,26.413649998774893,39.51300924445444,26.230383465523676,33.304102132449614,25.12857447128174,32.95282601411305,42.89995051970058,33.51309433874357,41.45838799298777,51.98343518989167,50.183577885933985,32.6131154150427,41.470491039205626,50.849198928743064,41.749918832672876,24.917931295744587,41.72272565508031,41.15229467692219,33.07357071417469,41.97625767043135,42.470346276270156,52.174489063698054,42.22196830700947,51.16076974102657,42.8954636824103,41.79945681410031,43.35414404652385,48.815799533205215,53.35345065489412,53.63906827861996,49.79971251125809,33.15230775075244,42.253553704912996,33.2888739282528,51.739596657559446,43.942342707701485,52.29635391871213,33.86416268410011,43.87335496105531,41.70278209007499,42.325760949367506,43.747551371609774,33.35631090194859,44.77551598676783,53.59240128511789,43.93430417805337,49.55496504969213,42.13474182635291,32.22953713764085,31.92919225252902,52.519880335889695,31.131760990416154,42.372428707460756,52.54724622574855,42.15054858716992,52.73056043710574,52.3586742747583,43.10533818201107,52.827072322849176,41.31705958386647,43.149173166636416,51.35888918834934,41.979329680124934,34.04036272404025,41.61070552072772,42.688274845222125,52.60971836405929,41.160922519577866,51.881929534471965,51.05743095423554,49.88850328561443,51.25101926244929,50.656967520520766,41.96950827606035,42.369758731714455,52.38721274437529,42.69380166412783,51.730444107214964,42.36748053530472,52.16642472259031,52.685638988007895,53.205763758862645,43.14134027098656,51.03768135122243,42.63813463792985,51.88373354905707,41.88922425446958,42.928160210197206,40.53511321507541,51.82041802907429,53.54218089146411,22.92349507287969,40.925281817161164,33.68445574112799,43.20982227092577,43.90384330462584,53.48724141820276,41.6852151615865,52.731237468103814,53.10417406676822,35273.382288269066,35273.382288269066,8.0
34,24.44420593427731,33.49025891549304,40.640286010818116,40.644517793470094,33.21068935500911,49.314826259954415,48.58514323535807,37.20096096753135,48.29796647975594,26.597132420316175,48.904083348091206,38.53825306433141,60.52441671495655,50.03430919362798,37.804127874127424,48.89032965964632,49.27191889173103,37.512802203640184,38.605159172972925,38.67537489309891,38.701194751634226,38.61219906197721,50.06488371561774,60.31225695150972,49.04286256789932,40.018967875853264,45.83418909575099,45.89381239150424,45.35403787427253,56.988543953357215,44.55238606866055,46.15256877494077,40.37088575652698,58.41038657755458,58.88667184917373,71.37334917744602,70.9829246690008,58.58419220309421,43.441428817239206,57.30120669850987,34.219370558532056,58.602030841499946,31.43068991761326,46.04097144451672,70.25111974199149,44.276901642049516,70.94464282412612,58.64246713686841,33.272155811806215,56.61454647711647,70.87139556834427,45.27919431957745,57.513095021521885,44.238789553074675,70.68339185275833,58.99898925295863,57.911445163855205,71.04303286623576,71.81453460294877,59.20198063200701,71.84927441674078,43.22057337403919,56.73422180190494,58.045488765646304,45.15061344320202,72.0520662407451,45.72038652541331,43.710415157342595,71.590954664765,69.28179220755055,45.24813137940017,58.461165355335574,56.385179592111136,57.015799646505684,70.73362751775055,57.87439804243021,70.25780038112286,71.14484183552501,44.33659499529779,33.96026466326316,70.32937223088811,69.40610840213594,45.699477454281045,59.293104698798594,56.73446374863378,58.39618252796322,56.259990283203706,70.7721225252908,58.597402358287354,70.53854202832447,57.10944370242047,69.6234752338446,46.373457447842156,70.32362116798033,69.8736587005507,58.05031169413451,58.112226537423034,58.763040659543776,46.32298415791308,59.46307138115409,33525.621621714934,33525.621621714934,6.0
35,24.911620040163694,25.702227294711196,26.32828629441599,17.863481652477425,25.05718463853903,50.631681721255156,36.961376386590736,48.23546053732546,38.729531387786835,49.91981749074249,38.640467768769824,49.306066055549685,47.99188963775814,48.69843151536423,35.81833550857504,36.423161763352745,37.79272130232421,27.883027798442942,59.9868094318407,47.92229734977074,49.35587829801971,38.07906975837625,38.66666099549387,48.6928512374239,59.69879071212823,36.58094136021579,58.90737160600208,49.22952697564718,39.78906119874926,48.98989076683181,48.01925707275526,48.383516234204485,38.632961166413374,36.863872069424694,59.352961976661945,49.558249015606485,58.79049836750331,49.109722526079395,47.665040990004336,61.16575262805048,59.63196487278083,59.1060820459739,39.227290015050436,48.06627095325181,60.36129706330127,49.127035163408664,59.484814028900736,59.00841750450244,59.29871419468054,47.594968196838,60.72987605568486,47.947008217454304,49.219348511161,59.763209068548676,60.94503397950488,59.95230274459209,47.98687278213788,58.35400456650729,47.93039087860296,47.82566640172958,48.060770306654604,49.559526513583705,59.74911339435136,59.782223221072464,48.39099361199052,58.94364514748564,57.83899662754834,49.058491624168155,58.75888127260756,49.996916998527304,58.29164213888699,59.35427812215669,59.000620106233065,58.167878508215445,60.77344880076232,59.219027124909836,60.65159036197175,59.679216951723774,38.914623247302075,48.660087790009456,58.87321860410001,59.85613570330965,58.38034454634908,47.32804194112959,48.125434668135476,49.53976749210296,49.348088569357415,59.4842126958721,60.40833305442642,48.40746504648015,48.07883068267157,58.77133620843376,60.72455333070281,59.991993642684974,60.428854638078,46.737906853169925,59.22832826493219,49.45341306668778,48.08068052403986,50.68494566759211,35406.349623685564,35406.349623685564,7.0
36,24.180101405598492,18.169434718440204,25.202176727784625,18.621727905426432,33.68474158088528,37.29672552089726,27.46465261693522,49.17226725764874,38.95699105188005,36.78808892177882,27.22192437584614,58.3999254746678,39.46524568020278,43.43598267746915,44.69091540513531,49.225183462325425,38.39031042105659,58.606333231896805,37.485078069055604,47.67035479547508,48.80942694282199,44.839676835317775,48.25752847106512,48.83407034720596,48.7261299758044,58.82794662335794,37.91566000894712,49.20641805846757,49.458897445445324,59.37998618424366,27.507410295912468,60.30154044422982,46.79404991881933,46.931175313775206,48.793220255780625,48.42413062936647,47.7457705745963,38.346006155255544,56.41161337362077,36.63516455111562,49.2756765153846,57.2369128099153,49.44635636168404,57.84193026971947,58.57955027515072,37.5806767152446,55.78160384773378,49.07218577157654,48.109941414225304,48.085447493981256,38.362249649772366,38.11992798779024,38.848364932619084,59.34778168377098,46.79336610144343,48.632465958810336,49.06577300314793,47.61784318591088,59.1247545104096,49.512467428488726,49.2386137565389,60.097522840397296,50.614419351848156,46.68268306823971,46.97587557677548,48.81807615178234,56.910617447983896,57.66690373435241,58.53761468060865,59.62277457652869,50.29481975975706,38.0450007046195,36.7205905425322,52.15696941069863,47.9523059729197,50.27613152774874,50.007087370336116,47.05496360399463,60.337479921973035,59.241427940265304,50.00362830634952,49.04568785807984,58.55149773688078,36.736326282821764,49.15685493408234,58.74972577255903,58.63988596871214,58.284599725993175,49.566182825546775,58.71285681985734,59.92634021047915,57.39150298190108,49.25168235558168,48.87263736119975,59.65841713652896,38.96398834957501,60.07644771218007,56.50004843625253,48.476364073000745,48.92259730695457,33787.7134150318,33787.7134150318,7.0
37,31.17237028295984,39.68279950416827,25.27616551974909,25.60539339595004,33.56330178321663,36.638054511722984,37.784986338168615,58.5427751138342,60.16709090991909,60.332363824317426,60.21992591999826,46.389239642580186,39.4407900336793,49.272646429598936,61.13732240318944,38.726048333399795,49.31969773007996,38.53387875155844,61.32675093843415,51.149971201420804,51.040816743874345,61.437860806307285,49.77542987694297,61.9229453246049,46.61681612843463,58.86955605977008,49.0442641099782,57.87346726377704,59.718321997809916,48.968123187682394,38.604927174246235,59.82672598017429,39.20466345485606,53.06987621730594,59.86545983259349,60.17256091725403,48.276339299019504,59.19122611491145,50.36633273254769,47.6442681688789,60.249740582533185,59.972936066504175,39.62146158654048,59.53997185549776,60.71433982770532,39.622199793469626,59.71217680588883,59.11369357163806,48.14685153963249,60.11662758156854,48.882701001652435,58.79949078494584,49.74744969450176,49.10780248086009,61.00478993899261,58.887195565779294,47.66052591912595,50.99856092604174,58.048619843872466,49.57414889496223,58.66135275495669,60.1841614977011,48.51080931853109,60.69294407771213,46.50552192566912,60.16298687847341,60.63130926930405,42.6507279302322,59.65312091054069,48.222512091019,47.462308508703345,47.40061470969538,58.74932016871266,59.618361246245904,58.7707849397119,61.050537423972074,58.50293321361941,48.35288602394582,59.019669135353006,59.34004300658671,59.815734527543746,61.74831611048506,56.90825929803759,49.3766661754522,60.76862801237284,59.70108816313872,59.15156527615688,49.38309639536197,59.0311437925037,48.87996766583189,60.09379124795747,48.74491892202075,50.263067514054875,59.653573363607265,60.61067828529953,61.34376630527653,47.376465786460535,58.67451128881866,60.72309812688842,61.19399731757897,37446.04662924125,37446.04662924125,7.0
38,24.62383599489736,32.35418611392002,39.26441581124786,37.66198073421451,32.61969378717844,46.30306632866537,36.909048985911795,47.20273613285659,47.814455911492146,47.89485945957849,27.083574009651766,38.201268960445255,48.395824196731496,38.08215231464913,26.99151931031278,48.05607676863143,48.29732235304247,48.19779059382562,27.63551044513622,38.57993070061347,48.685748295769926,47.4017914400329,27.392141597935115,57.79292780599336,57.67617850719963,37.900766890114305,28.40952934331716,58.70480690733585,47.16595424395213,58.84323834158382,57.98791325016724,38.523296660131614,39.971084261453335,27.79713052860424,36.68697603522882,58.57614148471358,48.515969892951624,59.096132594731635,57.60400389580234,49.79673794043176,56.71897412150052,49.792957754557065,37.754590165924164,48.45152812380177,38.35727105518471,48.815187255839,39.29164486666689,60.03553527849441,59.10096836112624,49.84512619386864,49.80164346421231,35.79247053147674,40.66974288498724,27.861738948875978,38.522916909345085,40.32501030253237,49.392752149094385,56.307684622264006,49.31623507207938,46.746746614193526,39.80541254768793,37.60187042118667,38.999958493224376,48.48065534238248,57.374896890159235,58.3441264276445,38.11640151251759,57.4599640940066,47.96928047798548,48.53277527728848,49.72236965995704,59.13811973683538,49.58060170548026,39.060286092031774,48.06719466211124,58.78729428618356,58.67218534528235,48.90263400588414,49.20553443243437,48.12335989416871,46.81974468467628,59.00316312891768,46.35424123191407,48.432346744771884,47.64405347597767,48.17629196130984,57.8343551495613,48.32096901304177,58.940941890925124,59.27078877809111,58.35045481069522,59.47125169093189,47.027350592735274,48.546700446984104,37.89412510765818,56.32134028217557,49.98895953970288,47.98552653891813,48.361382769447346,49.07795300165422,33087.129476881506,33087.129476881506,7.0
39,30.778295539609342,33.543226676939604,32.957572188035,40.991041973724364,25.725674293573103,37.503565347976334,47.98668800787532,36.602608602804246,48.1765889260469,60.13354935370445,38.26018522967307,38.282892576715895,25.933526468553982,38.41329664245821,26.674564017116243,36.92381978269317,61.52511532696992,39.98342249289015,39.08241880741304,26.721357534751764,40.8466663418425,39.45261876588031,39.17303055938224,48.59457150240195,60.90908938346107,37.034242731446774,38.74844402879961,26.047351008514138,49.66506682344289,37.25118376240526,53.550210302049564,47.6423341608883,49.743733535739985,37.628289293566745,37.91132738577214,49.07937714840026,38.675438468164266,38.6772155853879,59.63340662950999,36.117960856151576,49.07997364629039,38.25360152499832,60.928064034686294,38.96824656531199,37.74347631595947,61.128197321848475,48.98755048047753,61.37837632809227,49.89707859686944,48.82082909772511,59.5634420563556,49.69650953767616,48.97277830644349,50.651097151670456,61.11600521809045,62.341339699961544,60.86495628192694,51.13582123837359,61.627991499237524,50.81749834689471,47.42797048818765,50.89395305445656,51.63758070109946,36.15226892944013,59.70771858014398,61.08069769079221,50.49565330516277,50.08514777715891,49.41803428240264,51.006817229760664,60.94777315114133,27.6128538896483,38.15847352719474,61.82338601455259,27.11426819817762,49.570695305702166,38.60565320013633,37.67444478791843,50.055630606935665,49.832802753993484,59.90746999192119,50.76992015867787,50.006602354491925,61.2522661257595,62.457454971217366,48.945430700847055,60.52269991823011,60.54048237399171,49.10959390075004,61.596658896810496,49.031842775514825,49.96328473228986,36.21436341217019,60.78470893136585,61.62811379961386,49.233947581343536,48.71477363855411,50.03424385054749,39.18623241151717,39.26548079700212,33273.135804773345,33273.135804773345,7.0
40,31.335658484677857,17.178388619355317,17.576017034681417,32.68380758806378,32.54831580022833,24.25817239517176,22.047146672483425,31.895364512371778,31.801863682215284,23.023719432816577,31.40368417195466,32.70304503164404,31.705781174522773,32.54015373180736,32.24641058611456,27.110998298531058,32.360893728707346,49.929653839934616,32.04635103686394,41.261008698045515,33.38633893075477,33.13157175772373,31.100471497713585,32.82202634302698,51.60390759884524,23.74529693845907,33.22144266273003,33.05456501749937,42.59189312110956,51.852133233349406,41.805708273309016,41.21320801947513,41.607512894629956,32.90843028223486,41.24676513721191,51.66432057224515,41.10420524394826,33.342201479115005,41.418282637443184,41.19901420540805,40.122096133257685,32.48506761762397,32.300607873049714,41.9193457289057,41.76011785430424,32.59160498091089,33.19125484123228,42.032720675513914,50.26273099043817,50.98062137893851,41.971715757192754,51.07186169109576,51.03726928003463,34.11825600441306,49.26861556658275,42.82038010854228,41.93582275589864,51.45439473182671,32.13790696335172,51.500709638945466,42.394281046071654,41.95270176254019,42.41615845564121,49.60821365354764,41.37189573938463,49.64761148384832,42.24504032310335,42.091222880183125,41.45174327175407,51.30571916984394,51.71600760351566,41.56235487196295,23.81984651792216,50.68884576260825,41.93870357765064,51.325347238035874,51.04037345269376,43.314042840447826,41.31386174477825,42.9435370885401,52.015831277367,51.62687444099333,52.553257373800534,51.562491270947476,42.291874816679496,52.365510074059884,43.16963278867621,42.26694345480891,42.205447375812525,50.987545966066136,52.165456882205035,51.54252383642188,41.55611145730563,24.465401543512982,52.232281970499116,52.68615384772329,53.06458608637287,49.61405958795706,42.69857169111655,50.90938504761152,32764.774616753963,32764.774616753963,8.0
41,30.114874002864962,31.770574599900357,32.680549773931105,25.367099482356597,39.74392312260191,46.555883979596544,41.805647197173656,32.831664244755515,49.964531456440376,41.6769837495483,33.179375785322975,51.58316134844671,32.31816616575608,42.42912396688633,43.454428960365284,33.70599003942884,24.006175526298016,43.29973252287141,32.63273716670006,43.03601224075293,34.77299266752189,34.42541095648489,43.551409739410786,42.0526469462762,43.48610542749819,34.50533594203655,49.94073916108039,40.48388760759997,43.28626265803668,51.544555891599146,32.75872510223297,25.200823269439297,25.314197412125267,50.81426808767122,25.266498442699664,44.510435923913164,33.825736248768834,41.81250955265797,31.539830764339328,34.04721932352507,51.6295940060034,34.00706308569258,51.34593961512053,52.783564628618535,33.08207260567009,41.86421366704117,33.56603798076564,42.61541844734204,24.59498950513718,33.891598189793186,32.78655649038542,50.02801561248714,32.23791152017404,33.5258623429674,32.694618380658966,33.22682409055335,33.98274315908293,41.733194118448125,42.82570142802831,42.81101740408337,43.6783694269445,41.73255881620835,50.28086376090174,41.70929153916748,24.468041698854407,52.54123678295605,42.098857753687014,51.767842158530584,34.08702449651955,43.63991252705807,52.31160265069707,52.876109181896595,33.54215722073661,43.04143380055274,50.24816491285094,43.01676438773703,41.00116992111106,42.471831908861304,23.59381357497844,43.590057878589676,33.65589353871286,49.80505934155684,51.90270824229003,52.62132094516835,33.79319898192068,50.85556806899746,42.91880516582148,33.372196932599934,33.764961021267965,33.38533739664473,52.609767856022245,34.773595783655935,40.96684901694974,33.64186103775532,52.29533733303566,43.495742569636775,41.849473192858056,42.744558482973716,41.90447657960121,42.35392897392833,32198.849302724953,32198.849302724953,8.0
42,32.365404432772195,24.810091522138688,40.22219930234782,40.72493497290018,41.46809706987354,42.89036796994121,42.16367294961076,32.014538335034025,32.429145067310486,32.51680913121269,32.044787651555104,48.62747872905482,42.64828824995113,42.76192354151786,42.84071599524516,33.44637508995668,33.34199455322448,42.91460768726584,44.08438990963333,44.04438210153639,48.62006580294337,43.10042531374221,42.435810757146314,23.3550407350185,41.71884985633456,23.25745816713831,52.67847619340171,23.420092668389252,23.811295702189064,42.246217393831884,43.12641650559084,52.19462968561635,32.9883461080334,33.69105104078068,33.21223027111546,42.209254012890426,53.778531024385074,33.54129380413769,33.74833248012253,44.526672144541465,53.474158560692615,51.91828658106169,30.796223804477023,32.740867111896534,33.54155160508847,41.92615436130066,43.42548630921314,51.63700187209409,52.86083488600764,33.59128718415998,44.697850875139636,34.241901134264864,52.43029758015825,31.031964692246646,33.25551476636464,32.90450616758186,42.04897884343245,43.81499230099078,43.81917064744151,53.8149260198405,43.646133714763025,44.38654533174517,33.40864621923997,43.37677624286955,43.91200606333916,43.98492186304392,45.453574848622,40.94254658556915,53.69374124447745,51.17471643104608,33.68521335184448,44.24267277386744,33.98427759094875,40.91608891588763,34.7065138780909,43.51380219559857,54.19355722855238,53.44805011999023,43.33864278869865,44.75048282339398,44.12371340481903,40.97762954658367,53.97207560714946,52.89721628555833,50.77445332422059,52.19114833741446,53.13908328670482,43.613141287091736,52.33347876048413,51.91236230284187,32.914290536075356,51.535003220148155,51.170806646050096,43.33080480619708,32.497999707218725,51.44634272376629,52.34975857549557,52.80665353463996,53.6906826256361,43.50526693586579,34006.649221787535,34006.649221787535,8.0
43,28.31004029624459,25.996128522490142,18.588314772509253,39.587151128713366,39.233334350630706,24.166618116475092,50.47850929047033,42.42436576604535,50.77322192866508,33.207342788719494,42.73304264430437,24.8670851648795,34.69869291589421,33.211547624814045,43.485707293349854,50.962530179704174,43.38790170810603,33.57263445469328,34.41133569332009,33.91832898989739,42.52360413493602,43.13098697395935,43.006073459265906,25.98230955492184,50.52015462602928,43.98673603209073,34.385610402451846,34.14920674987238,52.690254543317934,42.77599898294258,52.648371548924274,42.55725419272906,44.87234164232811,35.329505766658656,43.76195927270268,35.06196263414586,40.033334676667266,42.20702622958473,42.345488470616885,50.816777555461826,42.6884443620105,34.184995587265405,32.20665969987212,43.33014359359481,35.80975692676114,34.52056748940751,42.390703211710616,42.39542985188709,52.334090139129955,25.729139593916898,32.28173786122828,42.31855692316245,34.37994486212693,42.05514007360742,25.30678632754865,43.670643793172616,26.001934529064215,53.395810207818215,31.33522036199645,35.3764236242983,43.31996274511951,44.61772683483986,44.14758799960213,43.60186834639444,49.45306142141811,33.562592322268586,43.40221943501922,35.452228444584875,42.40880388324808,25.963353616932864,40.89545575658417,39.06429076676142,41.45065193455321,32.95811619127056,43.67372774791545,35.13716547217916,52.91046646522889,43.222102684489215,44.43083941214849,52.394943589852915,34.06790136594202,51.45823822558492,44.11937056962381,44.78298675688649,41.85179783308581,40.928193796760866,35.107751553652975,50.45012111360131,34.18536066363254,34.10766720874082,42.41649906949317,43.31624702429198,33.117086409153785,43.01197455121314,41.752028380563786,42.3570055619947,33.76855622424421,34.27442961102315,33.547981069418455,43.5571263761245,31957.48120641763,31957.48120641763,8.0
44,29.556136099850562,39.17897561620897,32.58358025685794,25.779133834671228,26.362678019816247,52.99672610661723,39.77151932009748,68.0038967008522,37.87363129058291,37.74744770679401,54.25646345610369,55.25362245126438,39.553234622941,67.74825391197791,52.90452189699921,53.674573472956105,39.43040064237982,67.14959583502772,53.67642696373937,39.46498476730095,38.88437199547129,54.871939426473816,62.67394943593943,54.61365114253069,39.63622914109887,54.55465486777839,67.87960328786684,70.2679345972313,37.25455905805065,39.5263924510607,69.76259863338309,70.348499706848,82.22017926367057,82.01085003479639,41.583538076101874,37.53071394838844,68.92589909363247,54.90032608788001,51.60171695446716,85.21251541152787,69.35659740669925,69.78825333207605,55.43995684118927,56.25148110753143,68.27159139149398,55.7082085974544,68.36061935358548,36.688981597301066,53.004372879809715,37.264336764216615,84.48491014930842,65.34423333048535,55.72159859751237,37.27507215552278,55.18008523677158,41.91672541090607,72.96877899130064,50.77434646702422,39.40179144028516,71.9928994955776,70.07742792916288,53.375754289334374,72.09971031247042,70.80099807204915,51.61512283661068,69.64645058442147,39.539827140675655,54.49487230408586,36.87229040451457,53.5584034606879,40.03927069868496,56.361174253191805,52.218334007724934,72.09509416206292,55.82080379846129,38.115438588566214,69.51964467907018,69.34218137899298,66.24363920742762,55.36633567609224,71.94606356958539,68.96818808035741,54.4719009351591,54.96575192408009,39.27864856898223,37.15496103786336,38.24084025929496,55.79834781395603,70.85638685561261,66.10801449864448,86.73928142499918,52.85776481675875,66.8372045464852,68.90369018575439,71.04512625393654,40.331948911441756,39.54341194118706,55.42924587230827,71.86311292294303,37.67547637144717,28360.49705267889,28360.49705267889,5.0
45,33.36437763463781,24.941611268058825,33.27018502119491,41.529020040834915,40.949028199055526,49.09811949640224,49.01596767303879,48.21237329006054,48.67852984473431,60.365284187877535,60.26961617085688,48.941037797361574,48.91973641395016,40.59842717522661,38.60627748194797,33.08868060141636,60.75775100836491,48.589272256870295,49.84835433092072,59.55950224642769,49.70720161579896,37.903949159952994,60.71422604604017,60.69829915043332,49.48102870244026,61.515430276897696,61.318777733077596,61.22250659932498,60.59804607736032,48.85410623036138,60.61865127197858,48.414203658090855,49.58210860051832,60.60250277363967,48.26357579567998,48.21895333009518,38.64385626957761,38.207346290963464,58.90142741826867,60.23383489422479,26.867348161310638,47.8672269371251,49.59154279009551,48.38800610492787,48.409286950073906,60.813128608101316,60.15792087017969,60.21729350642181,60.988124214013624,60.888550150676956,49.55685492412905,49.471323693423265,60.09758374514149,50.04105371193636,48.63881494361692,38.60296583469454,59.822431482983575,60.955573601356456,48.88755740387381,47.68283620659325,49.67036661896759,38.88932577877803,60.41487318872084,61.47097601972148,59.562204660350844,61.861858876336164,49.91109300413378,60.172597947830845,61.95784923009224,61.379647462745325,61.048768939774945,39.454605278611226,62.51547566226236,51.30399387754034,62.6134282913924,57.855489949752155,62.44466814630947,61.593202737110396,62.53665627654885,51.73568797612432,57.830645992848076,58.94269169221843,60.52326212874141,49.636865002402615,47.50421283716111,61.5522176310386,58.77996541374601,62.118158636121606,60.96917772276343,60.63088230248559,58.95716689765316,50.12474302572918,49.89640113639924,61.587971453960826,61.42504725114226,59.724036254719714,61.752195285677125,60.670298335064736,61.18818473217886,61.19265849436072,37787.69978666043,37787.69978666043,7.0
46,29.1344203516094,31.875881895878916,25.751310095231723,25.967184731885887,24.36748773487662,50.36001782129555,41.14070181289571,32.93602821952419,24.573024425227395,41.460398552453555,33.40445090336411,32.36613926380754,24.557843308903863,34.05710477048032,40.900637145322584,42.32852878160158,42.24973964470817,42.09633956083883,50.33357869739365,48.605810747125076,50.97891208569292,33.38789398483665,41.87909229800333,39.91560974648384,23.401023553584178,31.134160538452463,37.63883807720023,44.1523318299639,33.84931896873586,41.87900453881698,33.15643509906121,33.94517337156236,51.11740834208558,30.99801561647927,51.70011915282265,38.23831354520877,40.10918121213601,49.5165062708723,32.9713597003183,42.31041919555945,51.650370442824965,42.73638233842598,33.1392761029377,41.374174160514606,41.358570292135994,41.44016887247379,40.955340842807885,51.47068362559423,42.03560285043102,50.80837761944997,50.78921084566946,43.03660015267374,42.53006331026302,42.92651426984946,34.02773026136302,47.6358615445953,45.62758291936744,47.022562641710856,58.92544387809429,56.40640689029559,57.68260689237526,47.95625105487413,59.14643807985174,47.4536588591228,48.02464838919952,26.440175681841488,49.63397893108387,37.336832221550694,57.8719860650864,39.1740819868923,48.70769241723912,46.37309703047582,57.35818900655587,48.17521777372758,58.65263586045642,48.0937574294138,36.63172217789919,49.65725505453572,47.655606208468825,58.955215804956815,58.23828605955766,37.99957103534426,26.939468342181176,47.43118110833224,38.16698198045193,48.14976520304702,48.06666195217819,48.414862337970526,47.22300432885212,48.37381933817278,58.224631507745535,58.308994717511595,57.60965396802333,38.880266686349906,48.14200915092312,47.802470521884125,48.062364101659604,48.81154209055977,37.56003446741602,39.004399496087636,32588.453174614126,32588.453174614126,7.0
47,30.33598824460169,32.122149275954186,25.50716280775307,27.876865512013644,27.38117378457655,32.04784583826067,23.083531166696048,23.00733516770606,41.66380804825962,41.852936283401476,40.590208296184436,41.99884528079061,23.352250073174375,21.528705023334794,51.367976675074026,50.31282429616604,32.00727290227883,32.38470646489762,41.52179993683599,32.50302715934133,23.123735015366492,42.37266346462724,43.65631740117983,34.20233753030559,32.623938708216244,49.429641211269626,33.53406255830592,23.903218886142188,33.290975191436246,32.77958703604057,42.38824485104513,43.14302145162367,40.37386546613985,33.62754447911405,42.0923823654304,51.27509565439783,32.84910965618501,31.91297840540048,32.80064526586066,42.17201324590623,51.68396629858131,43.26397335094691,50.636210471793675,32.89990056324626,47.22943684343409,31.604015156624115,42.265686983593255,42.02967488431938,43.06301608765742,23.442450132585137,40.90189483505105,41.9047311102438,33.06842912501787,42.90845673581947,32.83043153334063,51.58102435807723,41.55977481206446,43.30617022456033,47.37375867314261,39.184216482342094,36.59681630573699,37.75915774223157,57.28551963895318,47.28834544404516,48.195923260491604,36.91724675749999,48.50273237332424,47.961174138907595,57.909920114733985,47.91239367106615,58.58506384539162,58.42347781358421,58.25157683894687,36.87718500661203,51.44270961857858,59.01594568753509,47.46348079631577,47.83950841155557,59.27373895683195,48.6409297428491,35.96785162325703,38.28593957748603,43.07621813412436,59.24458773290358,58.95246294965649,38.538393624987485,57.68180253658102,48.51514910235437,47.86897502781945,47.395131444922036,36.9969242971569,48.01535825212357,58.591088503840055,27.323775811501815,27.650977078747538,48.79838146080676,57.43563190268352,58.95154710492898,58.28747678024255,38.23446951534269,31589.4536944308,31589.4536944308,7.0
48,25.30757810870885,33.17590160115364,33.13670812064526,41.07989034314404,31.2073060649431,56.89425146267205,57.380489164576666,58.49478670344837,68.634350045975,58.680493512442354,45.12120123563985,31.509394798263745,58.18874872607659,71.16913176090871,71.38042482948623,59.27682180107451,44.363285311003686,56.32924678325949,71.5050205498347,45.248734987265074,70.41512550019281,72.41794017028928,72.32635992645494,59.57793143851686,71.12096046746736,71.36005884533472,60.501023577721526,71.55232124696302,56.48815601309955,58.73757456319237,44.431738209012984,58.94149806475025,70.46288891994284,45.211622912758735,45.935149984892384,46.34047943371943,71.27502959639271,44.950658267103165,51.4809889955794,71.94538822052361,57.20198994915844,59.662888824142975,60.37189153201325,72.2750688270409,71.33155230366197,58.38398316157478,73.25285622410085,47.48316527397767,72.58557209174205,57.82755228737043,47.14518300829718,47.625537765788216,59.09864364888191,35.19974509940204,71.32396567192609,59.424820196847385,56.447204800799135,45.19023167047362,69.80220962487904,71.46285373667008,59.01586337484671,71.27097600300415,57.77131668208477,58.35341263684874,56.03822291910844,46.07043458169687,59.644201905478894,72.15207537952604,59.69310045192865,57.46898589232577,46.45711653485616,71.35669159546585,46.534519702775846,43.78136954274146,71.5966299353234,57.168552628076135,58.06180213869792,71.9121614507103,71.64111787465481,71.74636524066962,71.1981120728348,58.98500554921552,59.088388013927364,70.06110034638225,59.55411406886219,59.64826421926566,59.06908947207012,59.59811065744392,44.61951100292754,72.40031425195669,57.165990541098836,47.530061007794494,72.41016456933994,57.814741806499036,68.99457033604085,71.78512079409181,48.37308503433201,56.86524298578805,57.78551692250077,54.99995528651967,35709.63924519172,35709.63924519172,6.0
49,29.74922966651625,17.991097143033937,32.130922243261054,25.30464626962695,23.973179387514513,23.276319253106735,32.8683613877385,50.32164187859435,33.10379843991086,50.763706902013126,25.478412643409637,43.468771190747894,40.63680846148026,51.029799583804376,41.3886977277106,25.01548075690109,41.59098194112042,33.67877389421051,41.912627153528774,33.204096329248515,41.8772464230602,32.68167536863436,41.81578537143376,42.629880294851304,33.81228046983688,42.68171953443496,32.70309164643686,32.95536908801705,34.585324605465544,59.275723425387824,48.31424483610483,50.24323502584223,49.81381233595734,50.58893828860381,60.03558791393308,58.77272818653877,58.62908606042317,50.85373420623302,36.74870673394831,46.17830772145857,49.370657953237114,50.18272034343181,48.62081834931684,59.39938016281673,57.067720582179064,39.619656125910105,57.85699576972031,49.303900072464295,48.03804843585918,48.842542803293036,38.78672785142141,57.42476459589333,58.68304178337569,39.997807206602374,49.139426159327776,29.440067986355384,37.502981435317714,38.15264608919348,37.67320355067803,59.445287614363096,58.53942346966778,57.800013866492655,57.75603055769102,28.47058021312523,58.402320037810796,59.29632371826431,40.09546294764089,58.9121488243679,36.7693232828651,58.732248764603746,49.72162382805862,50.56740981480412,46.57498326489765,58.63039282586279,39.05941497607331,46.49663892789279,48.92369478118091,58.55651236377292,38.86481267861169,49.23048803306028,57.09467813023496,59.60340625757298,50.23805766713232,59.815913035045796,36.27008986441251,58.58701965663204,49.0105731933456,48.699165021092995,48.04358948481662,40.10081730913482,37.99042673991096,47.23755208900486,58.689470657598314,49.74363351784963,37.027670570791024,48.893873018772084,39.64042523651225,48.23023324325901,28.57290968374455,49.3336325158505,32866.91433558762,32866.91433558762,7.0
mean,28.87032051568483,29.572040966550844,29.64270452072355,32.27201902410509,32.08208271470916,46.19648663960966,46.64382524365963,46.254363838309615,48.9304488215538,47.484679055020194,44.61983665682448,46.67279639229085,46.55104243399697,48.63750417862503,49.713299330558584,49.57512226887966,47.16063182389932,47.736644102305526,51.24960071040062,49.656798210675454,51.04539451285027,49.19315800728437,49.218269758870456,50.14401312391262,51.870961537231025,52.00036401591804,49.386352335205544,50.70264509716535,51.97174153922032,53.161526137381536,52.00608951014649,53.159648061591305,51.42314523200402,51.95803503286054,52.17243513795818,55.264949296187666,56.514523273253246,53.362118258530415,54.14197573526765,54.13078074756162,53.000735460720634,54.63563290372361,53.90334627716188,54.04504664484074,56.36065581231899,54.64560543167845,54.232857733545714,54.33191232055388,56.43320200702502,53.49751544732943,55.647424364849066,54.27130756021085,52.75975591174081,53.949788764740006,53.729230360461045,55.85928577871354,56.0198842188208,58.13187024938383,57.81077915937411,56.153097128458164,57.27482049253959,54.89871222749115,54.893995789187684,55.15002590821759,54.05771179371335,56.78252343755016,55.28146622138942,56.10911516374865,55.80805236513818,56.75222504263188,54.4849149514705,58.027830660834425,55.07951262831723,57.43688102205545,56.13830311641992,55.824685112793624,57.91168380613181,57.04763069699117,56.207953774160714,57.07038066697498,57.48510305635413,59.477035000814915,57.716484532032155,59.518445017456045,56.79669099140312,58.45881211674289,56.10446334230814,55.7570072763203,56.60189237367597,58.105422093290656,57.54901134379737,58.677589635381786,58.189017797562585,54.628279365647515,58.40065628385388,57.9830912736399,56.17891733252577,57.35918488386535,57.44764595047045,56.72688934861201,,,
