,0,1,2,3,4,5,6,7,8,9,10,11,12,13,14,15,16,17,18,19,20,21,22,23,24,25,26,27,28,29,30,31,32,33,34,35,36,37,38,39,40,41,42,43,44,45,46,47,48,49,50,51,52,53,54,55,56,57,58,59,60,61,62,63,64,65,66,67,68,69,70,71,72,73,74,75,76,77,78,79,80,81,82,83,84,85,86,87,88,89,90,91,92,93,94,95,96,97,98,99,user_accumulated_reward,overall_scaled_accumulated_reward
0,2.076205762426339,2.267291846866722,2.140711845745291,2.1955535289089183,2.172573161265434,2.09950873274327,2.143702742726018,2.2681950190791675,2.2542617642304914,2.2675463491183994,2.3953158127956953,2.461332821603764,2.4410057385623154,2.4596359538135046,2.567519263751354,2.6501235741807028,2.532110831913102,2.5854820841943273,2.065142939654856,2.6774345136377455,2.269084134524381,2.2187655394621055,2.4442548227199756,2.3334880560551006,2.434858600070152,2.3873729688035,2.5713006268643723,2.514090764242506,2.4437798191414823,2.6179345539664842,2.6689165947932487,2.3469508257292504,2.5882112323267563,2.5815202797681307,2.5779111550338296,2.5438590104383785,2.3670618203365774,2.7172770559792765,2.388451792522975,2.418360692974629,2.406622361962679,2.49067703486066,2.2714479469949387,2.52459526699582,2.1259710003507206,2.4080056047706715,2.4646421157679437,2.3486025646762188,2.4439477825646665,2.38035397796051,2.6404921534195442,2.329555772689506,2.3781603509748823,2.146461764608668,2.3962330950449395,2.6085806442595625,2.358127861678633,2.65699730424272,2.733788242880256,2.167063224465897,2.5760762881440367,2.4522063759254977,2.6675608066174914,2.5033697013965934,2.6145976932400576,2.4547904837588965,2.6731988925540175,2.287652015882178,2.429734243074929,2.33140747581144,2.530307928273852,2.0749873024455043,2.568536335960133,2.4162851107595356,2.4809730082992636,2.4064455593369383,2.6317722351864172,2.5710315351005772,2.8281683716470547,2.5232150895414933,2.7998830363752854,2.6742299056383185,2.6293678671095506,2.669545071142878,2.7259092441344466,2.4655613255590687,2.7091257389269914,2.6412818498222244,2.701961233284258,2.486445404764511,2.4730673601419544,2.518683574098323,2.2397212730826026,2.2190822576725484,2.4469970414649618,2.4342788736121013,2.509140912809368,2.5840660036964893,2.373543938696156,2.574674670706048,12266.665686991697,24346.415686992063
1,2.0514001880417836,2.0463186754187315,2.1577295248233987,2.2280069403054052,2.3284046917792485,2.248686738204614,2.1268714477691346,2.1830195342405276,2.190528077147333,2.067525964105449,2.364712279158253,2.338510672276877,2.444102440696818,2.4419112347335017,2.200629875483107,2.0878864769262377,2.1886614314136055,2.238805695320491,2.2277456927409487,2.29241166731803,2.350217508794104,2.4885977138927626,2.398999327236567,2.1919268137013517,2.338796893328416,2.4185716930818684,2.43653642898606,2.143896813615545,2.3840224227159497,2.467672726811206,2.471991287974932,2.3426874923430123,2.3961323597169226,2.512033775199378,2.383089671810265,2.384829341633795,2.107495246084531,2.4214061157335807,2.4128845085238817,2.3408716109220236,2.220549690248594,2.2777386550084504,2.074463346535653,2.3494711680713154,2.507567752530143,2.491181665817409,2.4285282912355854,2.369569414202894,2.0995370504768154,2.2360886870587096,2.3862816617714784,2.3323169495338902,2.1591564996933816,2.300159657591358,2.5137539665203588,2.3801184083993148,2.472924166979247,2.346801827732758,2.310489751774283,2.4971235168056385,2.376939942338662,2.260617425957749,2.05807905321328,2.0037346686079256,2.351223535698634,2.4953229178025698,2.1136512626318917,2.3941519722790288,2.4473949737733642,2.402478024625163,2.3476434975445564,2.4873314411316083,2.5631754368498254,2.4428949036002297,2.502943824796708,2.3118316135330694,2.4817674848844993,2.332851329691812,2.617271563946826,2.353430238254956,2.5151466788155297,2.53739078704434,2.360331159165182,2.4664779702664332,2.458554355865924,2.520564242304245,2.296422879102476,2.6011591272030956,1.9679708953552515,2.451319375423013,2.4037371535556162,2.3725531897395014,2.3954771671831105,2.5598203755049185,2.243958289591885,2.1822599613567513,2.4238579677882313,2.523381802437843,2.4488426097788594,2.522942048273502,11709.86271374575,22820.612713746006
2,2.0564377803938365,2.1806606174146124,2.1933582014814523,2.0087420084188756,2.2535850997740323,2.1453246512060518,2.2770116685893447,2.1760814863183446,2.42312926959315,2.344938701150575,2.260337110820433,2.282314001625371,2.2940706708694627,2.4511626471687378,2.413777911397011,2.296257514031758,2.2153290264300933,2.381382635063355,2.3712369951984216,2.4772744333821466,2.1722429303146003,2.4553965190753586,2.144820186905735,2.267788380935768,2.5152877328909122,2.267772966727957,2.564530835726484,2.4470679680274956,2.5284769612439777,2.3673159381672404,2.545858832272564,2.65627349411987,2.242564540085962,2.11364239244893,2.430213062702859,2.370366430452847,2.2823087352840634,2.386568849475328,2.436889117323496,2.3686391777042832,2.5068525493635962,2.313414914589364,2.38460780948032,2.561845922241064,2.2915192544079197,2.2118177265512253,2.26715238998408,2.1801630145013617,2.2267644548932783,2.4437441359796095,2.3869819490307935,2.521197936003374,2.334196446449855,2.1938093164437724,2.318756726717025,2.3796562786372784,2.3628795995191414,2.281838999211204,2.3310450629286974,2.3777448369094483,2.3122376501255637,2.6801102678749165,2.620235106807454,2.595350707187513,2.667392187051326,2.379955035727632,2.6180836447260436,2.6466103301153634,2.620588313445242,2.3486758766809848,2.355843663502345,2.5746279323083083,2.1178350432810165,2.3839967152549177,2.2856462487729816,2.391781157763103,2.1352272276839748,2.4288514133476986,2.332549855176046,2.3238577370935207,2.2500981589179387,2.2742895895225717,2.483972956203785,2.624537116898811,2.171028261157183,2.2799416281301315,2.5437847225898587,2.6716712476537374,2.578997572481002,2.5951038686895083,2.3266771055470263,2.0531841515727653,2.331582896607133,2.443722062632833,2.483227694178563,2.201819539745593,2.5197442558333467,2.5821884602832124,2.6199225541468123,2.1140399931189666,11845.570837794596,24873.070837794934
3,1.980448559224667,1.908251044262535,2.0809351196387103,2.232378527772866,2.214484937327805,2.279455665680284,2.1539798095882774,2.1393097090885584,2.220781607392843,2.1113851306462257,2.223483615689013,2.159274556021194,2.1679472568826714,2.4753287256386383,2.3106684230498513,2.2515577060247267,2.2398090503299124,2.45144162623803,2.343200062585096,2.3141331711057505,2.3806289229329973,2.2629819012125143,2.26224406541746,2.3884033125115858,2.276045331078177,2.491501110442111,2.392092881128067,2.422390954461364,2.304925693332843,2.3707849481195393,2.2443205241206488,2.0985270920936907,2.5050356008083936,2.409040290096876,2.364493333238494,2.47511078763363,2.2574532767025732,2.4981654259055106,2.4936950889557594,2.416965248480763,2.58586147789404,2.36527256950247,2.379157459993906,2.5102395320182667,2.522289606180374,2.412256611004596,2.6634556176333644,2.1437093499125504,2.525170809665552,2.1752068450838955,2.448010093923691,2.37919079861794,2.463482158232645,2.13716058962429,2.3825002866452776,2.3221663659347413,2.411132505722028,2.50122296085889,2.2616231264122084,2.1805697273002185,2.459483048294929,2.330771813374383,2.5439560530534013,2.4620394691461462,2.2268018557514315,2.535227275735723,2.384955567762394,2.249378728043003,2.2918474252099075,2.480337826554033,2.3904817326621646,2.103736671198915,2.3170146670856315,2.398584941286704,2.30576290168416,2.41844397549423,2.3217842727976183,2.4252559504184688,2.1239985563743855,2.472597710926467,2.4418534619433094,2.374576506472205,2.297793495913238,2.4763310493230404,2.4901035165261147,2.4367837590377603,2.482245870131143,2.3508294168305817,2.4664715049422643,2.594248397333774,2.4729245781367926,2.36972518812139,2.4467928506827183,2.2867170783847772,2.1680282027095203,2.374757126591644,2.441283244696876,2.2322548605365937,2.412402264383049,2.396330491027957,11729.882594580024,20987.38259458018
4,2.002693338909048,2.036931522064339,2.1250578541814233,2.108037533075248,2.142711695440508,2.316809552158583,2.2440325007843014,2.149583790087478,2.002981777029051,2.2554378387965164,2.2230802413173634,2.416192708840249,2.316658813398062,2.4014201021838737,2.0778908685397863,2.326921543347249,2.5097440157523816,2.1380731654685756,2.3109182600115554,2.289593053583279,2.3829533010414683,2.2888856170043557,2.4486890966065404,2.497109188653545,2.5464742475880975,2.478563434286462,2.5290783339193816,2.491815809017852,1.9915988823209068,2.2436114957955846,2.432892948873208,2.0776063291355644,2.505381597120776,2.4695750927099236,2.661736403225544,2.6905168998590923,2.5359038334333395,2.380267650361964,2.2746899927100754,2.3794852905924055,2.175214355025699,2.468737695380493,2.5070954123652585,2.527130509643069,2.415964247689517,2.1457397668848364,2.6209072961917044,2.2382897053649327,2.1316640622915295,2.4100527330627077,2.3971594164767103,2.484918063358493,2.4234666718326796,2.64681038778696,2.167810203533659,2.590567169368398,2.639882821762178,2.5795745546976945,2.757486943425284,2.5769191673347676,2.446179431971469,2.37367086877113,2.435706694499373,2.456822945359572,2.7067642960463054,2.048910291012818,2.515436904865129,2.3271627845694987,2.519394643905743,2.4181984577822258,2.3523853475952454,2.4985638072553598,2.565581537838437,2.161020932004601,2.566120982414828,2.24574247012828,2.196609550518126,2.4657921311377193,2.44594514054946,2.505355105737109,2.2575670978003752,2.52999921224315,2.5270982138701332,2.5133351731938744,2.454768586160445,2.30009185607243,2.3503240006140693,2.291948575401871,2.4292730298506386,2.3242863540736325,2.5045131648479484,2.55669453570039,2.5442529928766366,1.963084908751071,2.1066348880365777,2.1537188218900942,2.2870602795385855,2.1769521088006702,2.3826458585130377,2.579029115364142,11854.581995013184,24645.831995013577
5,2.106624848460788,2.1477960724312397,2.170584974332273,2.3340328939998938,2.2898021985397548,2.2642954614280897,2.2939124036091285,2.456760977107997,2.293189064603884,2.368329864384662,2.3512817558935737,2.512159895955845,2.4532507888477513,2.6355666822981076,2.536678304189209,2.6179169273249228,2.3033728503324586,2.039057251584244,2.3579542476928905,2.5386314064357776,2.3931277471961296,2.6134745367719803,2.555234342297932,2.5743496866107423,2.5570574335493435,2.657692673469634,2.391473486768255,2.1730955472526956,2.341733596172137,2.475720724198174,2.1920813867979656,2.48716858522811,2.423272415806992,2.4612086373268314,2.3962757809504374,2.3312815165358765,2.420942098789992,2.630859904240865,2.5678165929930845,2.454964723505772,2.4250126047614056,2.5845477510952537,2.562071082009948,2.369746378024784,2.4027930645004982,2.153934159269868,2.5347062024008657,2.453781473615479,2.681504098015542,2.618210154124254,2.662000130845339,2.7283972137950734,2.4611805887202873,2.481420784945276,2.661728532916773,2.083593310148871,2.563364257049944,2.1536705536930056,2.6786803800185197,2.594317306720794,2.64804704110319,2.63467718746517,2.3798060478819627,2.6245310884706248,2.404544928217328,2.6604411499690457,2.5481522853671423,2.5631746468348613,2.6336625286123625,2.5728692891181866,2.4800650289547104,2.1564099334523723,2.5979125296203,2.615603342198891,2.7615601316523413,2.5334723063125524,2.194362568241584,2.685910789956316,2.6888706934530364,2.5478659289996894,2.490915680092734,2.5296870515683954,2.713358877185476,2.5176925214035277,2.5449745208786205,2.6384990902003143,2.233158228079984,2.2309441290761955,2.4523966543856277,2.5309018129346863,2.419869526699854,2.5466289855955058,2.243258593962541,2.492633337796603,2.3528025926459444,2.5478073592616908,2.6589180864350532,2.726023852002018,2.13301604171132,2.4857822960986073,12322.29494982418,22370.04494982421
6,2.0269861474247945,2.0282845398142517,2.1896717575200917,2.186668290491346,2.036829278478359,2.3042067347662436,2.4107887552956155,2.333815640499203,2.316730554752139,2.244609481422576,2.5138386438889233,2.3884632472807428,2.482745624111807,1.9645839318467386,2.103657751807577,2.0280327802925804,2.4006711348624243,2.2949053564117308,2.18242637043483,2.412740353941315,2.4018800921711727,2.399647384883579,2.5695438384455658,2.674596266090905,2.586999184028028,2.6845343059456606,2.1392455258334326,2.158107036916119,2.1623287550378607,2.5062110534221085,2.560135947594393,2.6433266251505128,2.659122778141373,2.6213928668033573,2.3093324051943425,2.4031735760605244,2.6724691730114536,2.0902119335012603,2.5305855674601845,2.81840696997572,1.983625790994837,2.5203840974590817,2.6991980130298923,2.4621199228474113,2.580454386957413,2.7270245687209065,2.3045885306099314,2.1760975984595814,2.5971449607554753,2.5882285526359983,2.710033153637182,2.2124462011659136,2.431962598113171,2.2250152533781407,2.539186533728617,2.5043896903863514,2.548640621627311,2.141267057486009,2.2494497373416293,2.560171665649357,2.383743975439763,2.5291326504488434,2.4690835039055603,2.3997150831981284,2.458845706849564,2.462903477323221,2.557947075666918,2.338544988364037,2.2878837994515013,2.4164946455728997,2.3880339478484434,2.528526742022726,2.2626138653921304,2.402692803462179,2.572784877959941,2.5365240280686288,2.368219772386748,2.3387273759331704,2.1365449742484417,2.4225695234147695,2.469835328956276,2.4622878321289896,2.4497534673900945,2.402519531687852,2.2201759273590236,2.231374627066697,2.3769303896493756,2.432450121349919,2.36056503334754,2.6353309942802725,2.411960947878267,2.5937511860260996,2.3119783023628515,2.694313881917792,2.180662593973366,2.3259264685108496,2.498581099618986,2.6389580601428646,2.273673816424398,2.6741436016956266,12005.502131235991,23850.502131236226
7,1.9610226634147065,2.0553202331472926,2.2188358837747635,2.085487850657832,1.9982780214007823,2.1324086119357846,2.2074123709560323,2.133238060267135,2.2140612821664596,2.3413346813439078,2.170977382743868,2.5292282515347764,2.292508701589215,2.3761481621668397,2.473424177469445,2.106607621956446,2.1259278956110252,2.20649599842765,2.3795368969370982,2.186394384121211,2.085498041039878,2.1755523694747634,2.282993036376687,2.2783630303992846,2.2081675594722396,2.247446700605558,2.229046160703267,2.132989094796948,2.1085147453968855,2.2850195974849354,2.4460010588601744,2.1796597412108834,2.4585972359493735,2.0713616308606526,2.2775859258749898,2.3422732592256263,2.3008759205664884,2.360172468917913,2.3229342657502237,2.520907105328375,2.4526463470238964,2.2753855958250715,2.3145832987165287,2.1305725700651745,2.239846346170943,2.251067096723673,2.315656532667495,2.4411382694826513,2.0241165092703834,2.3748517547133936,2.1433587042108284,2.448737291615092,2.1438086553934057,2.210188036089876,2.3882217023727508,2.3779213434069977,2.036327230226226,2.2415701886566546,2.2844661375692863,2.254714066173699,2.3573945020449427,2.277930837066914,2.4094581689751275,2.441892055121261,2.200028009710917,2.349039297888307,2.2155618391005056,2.1446906897395794,2.2744309203606874,2.3038359029644315,2.38697814325866,2.3896876244778196,2.37578806638681,2.396461311354411,2.3785842887299697,2.431689322536088,2.0717767008859633,2.3514378342269096,2.2820291373512065,2.4858003833490816,2.254492209919934,2.0329501502620495,2.0833538976182346,2.218778776713724,2.171359942536632,2.2922781965754924,2.176328427235227,2.3297235781973553,2.312452159780029,2.392937212743068,2.041322811863544,2.192516534251395,2.1673154477119527,2.349870040470532,2.242775142373654,2.33673553745204,2.352067573976945,2.423939989614388,2.3148841724938425,2.251949254837909,11316.01559242245,21783.765592422664
8,2.120013998493411,2.114260627396342,2.2413948546377416,2.106040203829724,2.1276884468495267,2.323924507454389,2.141731906387153,2.510515362149792,2.497255849616641,2.212469266530646,2.217119175734435,2.425634983067973,2.1792927925010837,2.314228957969992,2.246831775845844,2.375209529995158,2.3387467550093426,2.3013653207547797,2.485094203644369,2.376902044202827,2.1312438546006915,2.203991228330351,2.3122551986793147,2.228375008494437,2.351173511169803,2.1948952565297106,2.4136502444799954,2.4945303658030245,2.3423623293857077,2.1821571290240436,2.4109252060811475,2.088095000588188,2.349090328373057,2.380423226900151,2.554040382130906,2.1956505343310355,2.3919250121346622,2.50483938618972,2.3685798937400118,2.423213029499365,2.2629880615151223,2.530545001446512,1.9249659175844662,2.4149626101084776,2.5462361971486684,2.571472572852777,2.5484815250017663,2.4594747410985964,2.5005948306637436,2.5185225462283514,2.729241962627127,2.497576155525492,2.289958859357684,2.328056203365289,2.5616260016683152,2.577719235993282,2.2390757069683733,2.602743748924045,2.0401220427388127,2.3116473222689162,2.5194282402144488,2.059857894871158,2.509727062295846,2.4688083158058887,2.348488954441297,2.3118021955123136,2.4795288400874993,2.0087001079869715,2.296857379170794,2.1153685833762244,2.4361440028481853,2.30555667248304,2.4624807485383404,2.5628550895610926,2.297118017866346,2.5199926987961696,2.181036737557693,2.4477864121136292,2.5856825898813027,2.3812013380965835,2.551973439205971,2.2957629272720834,2.1733630071510883,2.70841338720098,2.389736167993636,2.437045951561066,2.7643131970861567,2.326712574185276,2.1117337322911127,2.594356337849874,2.6616748392265652,2.1517837963195197,2.213795030010281,2.4747836955219995,2.486607654612745,2.2000674867043957,2.0564020915734376,2.447367711294776,2.47480527963964,2.404668909760099,11792.846851479391,22767.84685147963
9,2.0087802630126856,1.9040155664952363,2.0032506235473937,1.9832070997828277,2.175702873432587,2.1931877776988675,2.2293851262860387,2.3787699074654163,2.343762052643635,1.882290485111211,2.4130077265966055,2.1268184944885653,2.0392335163960555,2.3163960517353877,2.204334877121065,2.1195173545776966,2.3441112178909225,2.374040281209027,2.4766040523190007,2.14225305713274,2.406042783531232,2.3640756383667987,2.3964068949133246,2.4457942838656934,2.397846579836061,2.416779804122765,2.302809176763993,2.3533057200207974,2.123944411759877,2.3786042262608005,2.3120944320601566,2.3571299496875553,2.317765147110451,2.3464546405905424,2.4301355604271815,2.4294218143588124,2.198105955199556,2.4440244249498053,2.432526363034755,2.5723810859413327,2.488013969644302,2.4521091836715763,2.498997808616891,2.1651688706029666,2.342020068769741,2.4974888235619437,2.587330536199429,2.568469147411333,2.5131666681041223,2.496900912731008,2.2751273265385246,2.4583447626536974,2.3392084602534076,2.4817645469414087,2.3296280534879448,2.4674906861650054,2.4495065434437358,2.275451518101222,2.329210897271868,2.3364747202891603,2.4984097498608695,2.5026497691996177,2.355791780804502,2.5757463730542067,2.5255149272844344,2.460738844112159,2.240820604022761,2.4262501291093215,2.5937327355040902,2.5277097064559997,2.6239520850737277,2.57008483481716,2.215191915308828,2.252189765795222,2.4363846249553367,2.4128901666072755,2.525748849940609,2.6070370690015867,2.1561817247123667,2.343847655991808,2.303110734970494,2.429574589672275,2.3330086887552026,2.6640725849206284,2.255845328971283,2.39472566896727,2.444082704217534,2.3030216483192545,1.918468922027158,2.5279757413077646,2.3970175631489696,2.129131459518041,2.2001305829330557,2.4345504623715213,2.498826624581389,2.30772156971953,2.4709725718264623,2.3351132243609816,2.5338592271908094,2.263960887219436,11771.611744940732,24053.861744940656
10,1.9537274652524181,2.089389530064669,2.091184261153906,2.1753515676843893,1.9856562110248126,2.3128341206337875,2.1734261891138753,2.088708418004157,2.122779004709809,2.1301764311819262,2.2733833209267975,2.3122507015437233,2.3842591988694712,2.397197666487528,2.3079023160508223,2.3065448348211346,1.8361346769245637,2.3581866060097854,2.310151718260117,2.3969151178874326,2.1332736843679143,2.0125827209460856,2.3417491868567213,1.9879753750535558,2.287036426675142,2.449639822882673,2.302128994749665,2.029813664105425,2.210207555490127,2.075286162607375,2.19935378329677,2.1358062051174933,2.381859893555524,2.258263624511093,2.386636642974522,2.069791542542354,2.257374235242252,2.09539908166862,2.19366245211588,2.2983198976711994,2.3411928042933603,2.0767848102242765,2.142554497299937,2.1610368017039296,2.1292369232169874,2.3397335616902097,2.1059093687312926,2.1440647335560463,2.165278026699771,2.3753719983233785,2.378472527730794,2.2438386132154964,2.06885755254647,2.1882109368942797,2.2482532408792726,2.037075964147758,2.3437097855397235,2.0138769800901963,2.3063088995807597,2.3633749849909726,2.2811780704426194,1.9359542142208892,2.1904876503061144,2.3332077096015196,2.254911573852473,2.2745305968521805,2.245467231610163,2.3183716336109224,2.0882522446645817,2.2113800664137,2.21702150520272,1.9326451231788988,2.206963221138851,2.3193222492570214,2.254050310127408,2.3853373471863075,2.2793443659506947,1.988140104102315,2.2719357212744336,2.1828696370438054,2.2709003612858,2.2672474610944633,2.278706615661444,2.309528725289952,1.93388852527562,2.000662059059028,2.1231123835282912,2.1303743491633957,2.024427528669151,2.2572670240356,2.0883436266363047,2.160693595991191,2.369340496310098,2.315850733402936,2.17762044021852,2.206895196637494,2.278921845485628,2.2184151748349668,2.3920756723456047,2.3313518507606403,11029.622878105707,20684.12287810582
11,2.0261589626050824,2.076899869623678,2.153850949681022,2.0404006436211812,2.139513253168309,2.05003145560479,2.1639117595322324,2.2133641857254123,2.1121001552913627,2.5144912559779233,2.1671773045033738,2.1932257630696843,2.3815702575233173,2.2966797330545967,2.303992956254656,2.2123627633271457,2.3021644600748834,2.2585031837087755,2.243108997138828,2.308456975615129,2.032303162160874,2.117115260630841,2.2698443853311816,2.271855700298145,2.131700724144986,2.451004630057968,2.594010117733333,2.5401907813750584,2.5575703250289967,2.566469853476604,2.543367309100882,2.222294214518173,2.3086375466007167,2.4078303980718525,2.696837818320272,2.3404365547500507,2.234394911393346,2.394411785660256,1.9964425420271181,2.4381727203560057,2.1354840949323832,2.2877842324710476,2.2789365808363526,2.259725728622989,2.044747381449839,2.297817364512497,2.1040768525271982,2.216091295142312,2.2416352113734423,1.7869577988781986,2.263480991826403,1.9936367585216257,2.222113909956484,2.0834222016149697,2.282052846740673,2.1809651160065693,2.3134003684460107,2.188478750313783,2.1684389327675713,2.3112505958505114,1.990794997934283,2.032249864778899,2.309524826157519,2.005855226302223,2.1823456860089507,2.199339380549522,2.1619985262865433,2.189834638819861,2.3857039201968733,2.302604310725384,2.1656712975496997,2.1317278100529937,2.205218936393865,2.012773870675294,2.0497479233346447,2.2134403080230873,2.120342699457379,1.919870849555433,2.1671724153474483,2.4483765001445454,2.1091262363563086,2.044815799733009,2.1911606492589772,2.244074856941569,2.0877683691424567,1.8841136499236983,2.3687446543381325,2.2397313359405184,2.352840418095461,2.379762027261498,2.3882116220321565,2.2582558327493483,2.3349659983947757,2.26675958032187,1.9765291915631835,2.160444676006469,2.3612456485160247,2.211261150386502,2.150590584782998,2.1844336942418026,11116.139130160505,23073.639130160493
12,2.0016473352513056,2.009479870837325,2.035002333908113,2.1410052691346446,2.188692804543704,2.3173138274222804,2.3803369941416577,2.36766003246193,2.2777853362714837,2.0841374911645083,2.2924257209668073,2.400425674981352,2.325947993446555,2.381439591940541,2.2373631723895473,2.1323437568515047,2.1207449754975123,2.1947185014438984,2.268068048113143,2.270636194269342,2.0358967028203434,2.381337590653922,2.1040038776690713,2.203931230622318,2.2235028889019004,2.252756783473421,2.1218533031166515,2.277289383110714,2.3183650960169246,2.3259722352440653,2.236191304017306,2.248264943478459,1.876973847071637,2.0892415164631597,2.3177177467640986,1.9486424285191013,2.1440862581705438,2.335913548339438,2.2540989296639156,2.3508723107627842,2.275727587289004,2.1944036777511324,2.3479793629383225,2.2991653583111833,2.409489460356266,2.407766389773164,2.254937435844631,2.024192012868553,2.2589618895849592,2.4771448007749477,2.3130648107591423,2.4021513308712334,1.8652586280454768,2.166846942470839,2.1016787828457857,2.145812591000212,2.3196150509875246,2.271638575822395,2.069755426247909,2.2879688490115773,2.1621242314283453,2.066610074069892,2.295130247538575,2.3021804661034553,2.2863781624487434,2.2448296390623113,2.296660433118213,2.109933000570656,2.174346528630787,2.3042037785412823,2.3362437849037265,2.3592973275540845,2.3975643590101177,2.1443944491502007,2.189662436027815,2.2363143476846363,2.173326421141177,2.179658013854147,2.0374145288021817,2.041692284399191,2.1621598221534946,2.440127571696971,2.2145592592094605,2.1832685605703297,2.266891445460723,2.0751003298939152,2.3771835119591698,2.2741745984755743,2.1570263847538054,2.2586837572235723,2.284122750550901,2.3706886431534184,2.169905780699479,2.039977148997008,2.087457381808452,2.2511847759157595,2.2987433986908496,2.138187785931274,2.194100846317888,2.208238726245041,11107.86964036089,23187.869640361212
13,1.9868821144278916,2.019220261165087,2.0614245072198223,2.2066676689233544,2.2015477246222614,2.2752764030353045,2.313620850682675,2.224584421645834,2.4666811311439285,2.0326923702779642,2.157007341944157,2.4219432968466315,2.169401508627343,2.4201708168510514,2.0642877365946477,2.2123456087293705,2.213730073135133,2.304445805459393,2.2016256270496175,2.336539743205253,2.4764976814568893,2.453593232365746,2.6486227552354817,2.4741517936982267,2.280150768099714,2.4763574120877854,2.454958712048023,2.5120090001751563,2.285418623472174,2.199379169463078,2.231413695193265,2.4400612842939555,2.425976963183007,2.548789422086045,2.401013759168158,2.47186829218737,2.3013529830378867,2.4248017184058424,2.3053683921212507,2.466293614265276,2.3280776574487017,2.1094395116299847,2.322186494819695,2.083858513559464,2.3651097275442177,2.493551140576614,2.380402559028934,2.421970071847932,2.523030129720269,2.4556618891198934,2.3979945840619887,2.211509760100996,2.3318486803664134,2.2825317784928756,2.261194876072938,2.233241917083053,2.212994422996907,2.4440161431298857,2.207273119812004,2.306575995008122,2.471844951915441,2.4569492381031695,2.42949852750341,2.4927285621181876,2.437093061273816,2.3933385114135395,2.5093860327267983,2.5144185934664964,2.417483570052019,2.38759761228653,2.3190754804711857,2.4631178548077575,2.521267110088786,2.0859439878606016,2.5351449172859972,2.070331681206409,2.2171349827677163,2.5013927414667587,2.2290885392428366,2.2579734720021,2.125597001685906,2.2914736747331594,2.3721580387001935,2.3272931389527205,2.337285119169157,2.44602676133243,2.252895983095417,2.4706393083826312,2.4047269257022275,2.3779429161102907,2.511377379834776,2.4141425711327282,2.2293838841398905,2.4177120757304227,2.3043997473289037,2.2225414015038787,2.432183345127802,2.368746215929935,2.3376984566452763,2.492026845510071,11689.385173742965,22837.135173743252
14,2.0632284280971307,2.149444525476426,2.141866364597584,2.3058856148696893,2.1149525905067432,2.360177596621378,2.1659181896571944,2.308230432485835,2.195656003313055,2.2871743786963443,2.360863263446353,2.4478860844056958,2.14434375353917,2.220025402571543,2.263356599291145,2.2273584465479277,2.376560347577141,2.4727783131327126,2.4280480835626492,2.404207690962224,2.267716010032729,2.243849612162146,2.376072040316538,2.089279373636842,2.465482568580538,2.1771364753194655,2.2941580305176243,2.2721221577975665,2.3299370927486422,2.3285928444948243,2.438152204293952,2.399037639711917,2.431713426878294,2.483150956717372,2.280317672674812,2.6038220171083135,2.4669334379955954,2.469290879146536,2.4547587773228505,2.5843041090303682,2.3840066082235576,2.572282169078916,1.9948022189190036,2.350802565773377,2.4484884196531156,2.3987065976370614,2.4079072712012675,2.489765975803124,2.3958105197785478,2.231571329452753,2.4290560493949984,2.3614539253136626,2.4989016027636834,2.631550500831302,2.455841369016671,2.5156182115733956,2.5092207597304914,2.2010371231588706,2.145953411421691,2.5143246564738915,2.457508321630125,2.224490428120719,2.2873354954282377,2.29497768356986,1.8679582299801707,2.374281871798758,2.1953297381315457,2.3527876711530062,2.306825857224007,2.5377617910670094,2.3520766940425126,2.2857666028789745,2.599483940448815,2.189768156656719,2.4765435532620184,2.4289848174636286,2.550185570688148,2.2860135912820976,2.4190784354987698,2.324649074768833,2.053904604557417,2.4750431390245766,2.5889234690795395,2.4817393240257384,2.355015635893318,2.5304622205059237,2.398339472960724,2.4859371177614036,2.0934431223768057,2.257191297732055,2.37940895752548,2.5379462217425854,2.4743046320160174,2.476097451410616,2.469789096636147,2.3515739836622993,2.3637971933817723,2.563382428160443,2.3418458440119405,2.244181334453221,11778.251239652813,23375.25123965302
15,2.05442816084684,1.970779861618429,2.0075275556941943,2.2610525683771674,2.156556010629125,2.276369619025978,2.3100730122831568,2.458735466007221,2.197403434837043,2.4232862804067232,2.2856989531286014,2.188500107684229,2.3595040749698755,2.38896383962801,2.3370272831483487,2.4656065416806685,2.34020213132371,2.3901012874100287,2.336387968101632,2.342028191263547,2.210837192596304,2.4002675362028127,2.359147652451179,2.4438530597467976,2.484017696188657,2.5209867278895888,2.358232323451015,2.159722433787641,2.398923612838004,2.408331898426033,2.465405415239418,2.370101657235091,2.349991149225946,2.470352130548246,2.514316219342907,2.433392838701753,2.334071494259541,2.245030908621335,2.3756044938104037,2.547525889491398,2.321839719861809,2.4201789955429724,2.527319292868705,2.300505853645001,2.3159713561110733,2.583451537371585,2.629420223335129,2.119400403765093,2.5972696769630215,2.2764512857876293,2.314589363974457,2.5613657828564023,2.3232842223481294,2.3671644025454,2.562467582336918,2.2345375177378584,2.621109775722748,2.482915239503272,2.4763652140497725,2.304206403127904,2.4415172786314474,2.421859241942644,2.5142827494062434,2.4075143190297514,2.666176268303997,2.5036798173737282,2.577624747909908,2.364476650764464,2.6561445786989544,2.5223910347697696,2.188581963562581,2.5160939041856483,2.550122540518942,2.527135416951275,2.524507247093339,2.4282176161147717,2.5217650680526145,2.65467135516805,2.1768624710500264,2.429137025953364,2.6255471805297375,2.300237208801801,2.4285440144546153,2.5457317730142655,2.659979451707382,2.431872762278335,2.457455516876425,2.3131756131045473,2.431321115462251,2.4909814709324176,2.5357178938267997,2.537302463241247,2.3857293004162456,2.666758432443865,2.4822266916867775,2.4243711997901802,2.612980611019416,2.7908236397325714,2.511765177864762,2.653760302566966,12080.96008214028,25703.960082140107
16,2.0428886430907074,2.0063729728035478,2.1969310279653507,2.0664652534641963,1.8822543492799588,2.1865992964444056,2.191820177552488,2.403499456013537,2.3754917815711347,2.1149760813774274,1.9903961434174382,2.1338677058068716,2.149978018582844,2.372511822081456,2.4398825610664208,2.28688179401529,2.1824500129066733,2.272075856591854,2.225007639160502,2.4867352319232494,2.386725645412143,2.489098640583785,2.3933127872834707,2.438433666860442,2.3674640827720825,2.527363882753282,2.1579077940728544,2.24904638491022,2.149005024189861,2.297591907148373,2.212357698645671,2.453567038224931,2.39377357318498,2.608390821571593,2.498743719940757,2.071118779076696,2.388720675990386,2.4443932914152557,2.4014297277395595,2.6502165161996043,2.0703160409043404,2.1970111861307458,2.3792021844898,2.598923287596993,2.5043499980459374,2.2844307378902955,2.6116478012647018,2.2041882075389037,2.5459004349396492,2.3807025763929293,2.4975822231942595,2.4557656479394465,2.340639149437715,2.189939274553132,2.481070311864113,2.4180333545756794,2.4070319262383224,2.346719209748242,2.3101466898263148,2.4447986571790215,2.183898126510448,2.2558348888271684,2.454161756027209,2.493452896791487,2.34280389042385,2.2517230475458816,2.465660970764965,2.4341254239105643,2.425646305787892,2.3223092257660776,2.3735008283351795,2.3491308479298225,2.1880833044302808,2.555970467378362,2.304111562046491,2.1416558378209105,2.1134451483945864,2.353676155886954,2.5111932331489637,2.2011795961594687,2.659750683686294,2.2924154229063176,2.4597021734161864,2.3812182137300777,2.5081175737643546,2.5659746659660523,2.4773243802049874,2.5045469451716396,2.135769117341354,2.5014082446104955,2.6864324385836587,2.5305541057915697,2.5542396173245066,2.2944363206261724,2.636560334419147,2.546411286286643,2.4259937390027693,2.1622533379091697,2.490550692427585,2.53942225551833,11766.439572270787,24312.189572270974
17,2.066197456662542,2.1627648674710986,2.1890958607460975,2.273903571693486,2.1817368568101654,2.209192784204587,2.3631049440178695,2.383267262720043,2.3847772648510217,2.5558150954126244,2.322934064096586,2.2487268795985393,2.3656491952367507,2.331176509812571,2.4532535763789283,2.442331052220957,2.579691323372082,2.3117110450036953,2.163381083734785,2.349948077737499,2.435139242431969,2.359556564654082,2.4565171432844037,2.4536181210461976,2.2594758622049222,2.37674767694753,2.4026889051355904,2.286690753344088,2.454963066793873,2.569730818311241,2.52836286242971,2.565964073817372,2.4756752545001635,2.1511710278370453,2.448194193680876,2.2789066952248604,2.13683325135486,2.4987391436943875,2.1502834150953474,2.491698234892214,2.6168118826876183,2.667137121243256,2.719066470312896,2.594093366802206,2.6138695624036576,2.6389847598274643,2.4671493428002433,2.7763446135016694,2.5973001667304443,2.151805403367715,2.4868610622291047,2.5266807099683253,2.4114233991798666,2.2697938200999217,2.241987942285743,2.5806003489352167,2.383103621727831,2.311154487600627,2.1046243635749606,2.550805563490901,2.429247737762047,2.415041492539389,2.2602858114224262,2.3382417456402806,2.44645561910584,2.1677272733940027,2.490562468661129,2.4957609721337626,2.5525337410478737,2.281332881871512,2.4576589040852608,2.4131537678287875,2.203515099168957,2.24957058079721,2.484246629641237,2.527348146664793,2.370579716412047,2.445610449684296,2.501613213480897,2.241000067301092,2.3013476601725067,2.466453469754601,2.350988376711637,2.3534640013609462,2.462202655373508,2.514332555849498,2.4933258723770484,2.409271241533537,2.2970422741384726,2.5569152621536677,2.483028600230129,2.4307875032416733,2.5227080652196947,2.5076888413815897,2.373421558612324,2.5325840235733015,2.5433768006234962,2.161480734382738,2.5118639043855975,2.43630016575969,12015.46414863554,24509.71414863576
18,2.1086242279462084,2.0955493763033566,2.227258585319733,2.0635238347687457,2.137809336058285,2.343718269174808,2.306665761678174,2.341804281752043,2.2423542616878476,2.4391172286132594,2.2146846781460674,2.4579244664949282,2.4867758543368197,2.338275343775259,2.5553004763368548,2.5857523217165808,2.5490471885057135,2.4332167794751864,2.335797907996147,2.5173183881287655,2.3635611434531496,2.596160754774844,2.5234053901224653,2.5031766095082304,2.4916693528352787,2.441684610065105,2.664451803001489,2.671498692330593,2.6794511716308533,2.5262878839412237,2.5214135092548924,2.6500555933055665,2.632081746854551,2.2825456610590025,2.5230754554560035,2.367680960028053,2.5238016371546417,2.514474638604397,2.477555337222034,2.392181876933403,2.518598849614337,2.0154795053155503,2.5385143002702986,2.3261667647504005,2.597283520928243,2.5360832028975318,2.480193837243966,2.6429615329439957,2.6543191808155195,2.6259409775193636,2.567390907405506,2.4693847195056438,2.440698458411357,2.688571826843686,2.512290904286949,2.625001384878759,2.186296385971429,2.6033625792044894,2.494223117681209,2.6554841560360023,2.8477663102642508,2.839952114799491,2.482423319657533,2.2378564323124652,2.2743657169528904,2.5535434928655594,2.648427047483233,2.5611398235642833,2.556002693957779,2.171015434775789,2.639447133497768,2.5259319389914054,2.545764521604291,2.3743835770320136,2.617177502312681,2.5358722008144188,2.2762369377186813,2.5038909009245933,2.5038311643603963,2.215538081132791,2.605246927465024,2.2991950999843174,2.471525371706453,2.6091494627054117,2.206761461361106,2.2846497171349514,2.2519531025561097,2.5402442982598212,2.455055070716247,2.48919043951806,2.569433317374294,2.7062803414090717,2.34779918921543,2.5446127995037786,2.368841250131796,2.612609454386121,2.4183028887250173,2.3832216192426223,2.4119559605819756,2.3515808998380625,12307.157676255638,24762.15767625568
19,2.0575414904504785,2.0653678620210094,2.1002451983357044,1.9681142224393116,2.147882038712147,2.163433787879673,2.139303010336829,2.1874655286201548,2.2259576872801867,2.2286095914933135,2.4631608637458773,2.265386306041383,2.346021312945591,2.3221923561492064,2.195234556588527,2.3712412233256166,2.45361035096003,2.216298564627503,2.288405312582906,2.271115381226819,2.230043237321786,2.386854443009375,2.4639956979963684,2.432946140137491,2.269452752026559,2.239269853531273,2.139075796220133,2.335192925405751,2.33535352088025,2.2587353895853766,2.10501628563696,1.8813502970679554,2.2254556424982583,2.312470682514778,2.286828149486412,2.335609632401249,2.1054521775501613,2.383799172056492,2.2483871519952614,2.3617974318682893,2.2549838195801257,2.3174417918376733,2.34838160989727,2.370851188010828,2.3609463761064946,2.064087341054383,2.254662989923398,2.2420491825504847,2.3097046774586674,2.3893582153196475,2.0778494628332593,2.254653938028333,2.2080865577302644,2.205493309272325,2.2403160075981314,2.2934625895754075,2.307160541631957,2.258631836218362,2.5135692586397247,2.444925762102535,2.3894303466108373,2.4452355782276096,2.3144023458180736,2.3755053275330615,2.3478961921311634,2.224154085101988,2.150850930917325,2.3232059056166072,2.2866656935147387,2.260360107832139,2.210960648318933,2.4849535492137393,2.101132459219181,2.313359781670273,2.1973664067199086,2.3608208110095465,2.231893258563912,2.2376090702532307,2.3695510471126284,2.13598223363819,2.031450238539852,2.210885175995588,2.347760781411086,2.3514551640152637,2.4435847048672774,2.409379098760819,2.449185702313153,2.239610790497122,2.2031329459706903,2.2404404092527215,2.266496827609767,2.372982963318386,2.3313124764066995,2.206682282804435,2.280695405939838,2.2840973739212385,2.274060582688354,2.2558220916199963,2.2582603770559833,2.41072002839308,11357.982034036308,22298.482034036075
20,1.910965726913992,1.9619395061442488,1.955477929710415,1.9618378349723438,2.0828540692714794,2.224241796147556,2.0816341317123483,1.9314658984139144,2.3389211209128535,2.3758282859113176,2.2229192735702568,2.433792945157599,2.4804543021971086,2.090951980631959,2.485872786158753,2.2436628043873603,2.1032223811048465,2.212401277279056,2.216789869742139,2.3331632681685552,2.0971089964775467,2.4478268132671097,2.172771793508496,2.163316474589474,2.468539686512489,2.479401458762105,2.464511805949818,2.5609988688502074,2.2657528942166945,1.8796283253843091,2.225097078330255,2.456184634593819,2.095536909160457,2.1518585936581367,2.2143590211417004,2.2362233046338162,2.389105555707937,2.0441305821782594,2.1376103811464193,2.300784723032041,2.590972534959627,2.3283181659465315,2.551342772949845,2.595348194945181,2.425865273502252,2.4824073459644103,2.5486467739640193,2.361984095705852,1.918091186459497,2.2124990879320046,2.0769606498737794,2.3218062088324105,2.3300130501269236,2.134985070074075,2.5538453610896092,1.9938420318749743,2.264145206033464,2.407462649395326,2.410322660403138,2.6110741498367873,2.4137840620021898,2.4362487980815386,2.649147488870787,2.1856876682089292,2.427458844869794,2.62367319240585,1.9172396803425007,2.1466871651351314,2.3854665336177914,1.9556750381646482,2.16156157929869,2.377699081978837,2.0700657699423273,2.1314924163172226,2.3401626332837018,2.153200244714227,2.3834504440031417,2.4879767383176077,2.2840315473824706,2.243453806037186,2.437476992463773,2.486432590556671,2.3620962791448488,2.4530713994936963,2.384901083537774,2.4782165145826833,2.253548306779247,2.320531679340666,2.295800307888776,1.9670211251707337,2.3358299108467993,2.2411792353530307,2.2484254332574647,2.1826918339450403,2.074459449403967,2.3080317835948505,2.3966704674703636,2.121420680935768,2.5042130133939438,2.387401677486268,11401.633002854991,22749.883002855193
21,2.0472941668934976,2.136023062625652,1.994502005562205,1.954075571737453,2.1004879949616218,2.1390362051787064,2.0978707546513187,2.178695595372581,2.1427951373372283,2.2466378116445878,2.235425152001405,2.1647441415378754,2.2263870778300987,2.1478480384259737,2.294608422974841,2.422108901336218,2.1295818032802685,2.3387993076746403,2.2162679195428563,2.443318685045414,2.229717226012889,2.4694390699335473,2.223639537611255,2.1744215248016894,2.304452358467328,2.162039249470876,2.274478372769511,2.50657908994743,2.4843524892178492,2.2327091369274616,2.400432624074253,2.279054864787291,2.1847977630500726,2.312260045122292,2.5461164826837486,2.042232816281189,2.4361379849659532,2.316841584827675,1.9866661337788452,2.543181518420971,2.4431253485201476,2.043803634221475,2.5321995552618315,2.423269852454078,2.4112265250516645,1.9144017672733917,2.0741722416805852,2.378313045293635,2.583244496662144,2.0271605801087356,2.312918200640226,2.303000427965897,2.542534514687986,2.6279648383507648,2.330740184485223,2.43069611601506,2.5586468585795155,2.0928692208829482,2.3003766674001347,2.434675357655392,1.97302986016508,2.4718030160133244,2.558165847912463,1.9626803571041986,2.420843978686768,2.5561154796873815,2.5554763827491853,2.018421491565387,2.552127666207656,2.036593999358368,2.4080401289289766,2.3344388536213057,2.430143122870884,2.4634607640165855,2.1582710948589923,2.3374517672705077,2.3012770449416218,2.190873552121163,2.1291088344892968,2.3467872921422104,2.2242552637824837,2.3054678847662244,2.3047405236105196,2.373339719066408,2.4186078980615697,2.5816241177823667,2.3939956742052027,2.614647107290336,2.3250685445430417,1.9855569230028813,2.423726424690832,2.501500765071087,2.3440846886083633,2.484153768469979,2.4710877138851823,2.3278872483110344,1.9732968953352072,2.5990597770838444,2.3233456844207643,2.3314887201686547,11502.172146941237,24073.17214694078
22,1.9445885662757567,1.9661986279983434,2.11016230628285,2.2260641538217727,1.9420688550317138,2.07292415304863,2.1788473602480636,2.1397094004240502,1.9897231682420609,2.1887290122507213,2.2883046624849857,2.322771390286203,2.2460172672419634,2.437633077880911,2.398949464564026,2.043269166902221,2.3970830391436926,2.0119333333403357,2.2983114990401425,2.3184000582606257,2.361292384770347,2.597965209995061,2.4678089389732287,2.5767255410655237,2.3873052661801344,2.2624866777532513,2.5860500377825644,2.556224621046278,2.350680272908227,2.363744609373724,2.4633275027403596,2.601143035298234,2.5649135154273863,2.3427015477440087,1.928596677440617,2.326809208601185,2.4163537358573244,2.1469320781710284,2.3899898324936935,2.5230212622428563,2.2990633549420494,2.28252098590509,2.224060499271051,2.4696803210085556,2.6229295010761238,1.9663677184445099,2.2917095668789935,2.3522632871233125,2.38294364842999,2.4970861349541433,2.498041424021856,2.075534885070032,2.301770137546141,2.342483577807833,2.365419481107494,2.53370585825509,2.323815381244801,2.3367575500414817,2.4643263824285593,2.6096962318799215,2.2632525366913385,2.0745592078591892,2.5152312141399067,2.3680773162877546,2.3155943112958544,2.3222557900257472,2.4417016436940084,2.4587099473085856,2.0508302707435537,2.344540698310917,2.01117471068966,2.0743883844608235,2.0153735268016657,2.3311950608173473,2.2824397055270707,1.9716024331601212,2.3768219175129373,2.4701082371069605,2.045990488011536,2.2973810010831297,2.345364910616042,2.2968823569883003,2.4579581335720824,2.338769703990818,2.342942711834537,2.572892900540586,2.0167315542665305,2.4354525782461396,2.469610055269294,2.3624110080009264,2.1011334836759983,2.0990662755889127,2.465611190881027,2.6072184967759684,1.9852991360149779,2.0974242717206932,2.33799966434502,2.0019943272396357,2.41223063011777,2.2720496715194476,11501.310395440196,24864.060395440152
23,2.0182967912118794,2.084323985339923,2.089004569542605,1.956403884005164,1.963679256050459,2.0722763869509224,2.363373708711274,2.114862984082479,2.397125443412833,2.356991603195168,2.492871016852996,2.349591217857975,2.256556172711314,2.570340876312987,2.2595268812517664,2.323040726368561,2.3682575201818494,2.5724691610419335,2.1442647333696967,2.3253994012338546,2.118068584614491,2.217072149124273,2.5423258271184834,2.5412940258917605,2.3887625999849487,2.440156676455936,2.5082343771986966,2.078690544164761,2.339323932879866,2.2070732823896773,2.4246949677708667,2.4407104372525814,2.5126514169784757,2.091590435334,2.6549137694554004,2.554869955255086,2.27675116028596,2.205181308768545,2.1805306971253646,2.239649188945589,2.1371521097068977,2.3026043819518485,2.316353537484569,2.4117819146972925,2.176324005390893,2.362177964861767,2.180454031995822,2.2337004629743893,2.1350304227198986,2.1725719535316235,2.371056399974543,2.2952454922284558,2.1303664156283366,2.374847905988198,2.1145533356096076,2.141545469631003,2.2390725422551396,2.074256036681642,2.3249884457266323,2.194896933907861,2.130713335072304,2.2565214310208983,2.401261629186294,2.275517873084936,2.277503999262404,2.209629334875859,2.182770008022016,2.448609073508729,2.207829125453888,2.383982735496981,2.1607467812009755,2.3216005153455552,2.430249337556225,2.4338880140675956,2.1884529545896987,2.3321399268232126,2.3425984706606426,2.4733467836643626,2.499269217923463,2.5852840805319786,2.381630967705765,2.4062325055698253,2.133375400097746,2.4384109534111573,2.093632160792698,2.330714867869877,2.479986461730868,2.235120754160709,2.165241592183003,2.4262624720655293,2.443207611605448,2.4151032350447377,2.2797300902994904,2.2489916913945986,2.319464174244219,2.15131443636511,2.1175250951596625,2.478985419943852,2.0837370179544434,2.221180039568763,11456.097149707117,22426.3471497073
24,2.0519454241113335,2.0625304222066383,2.0897848280189786,1.9682282906001947,2.0731170014829288,2.1293855817697867,2.0957418991902066,2.223312664211591,2.4403304064247733,2.3043260507674956,2.2550045388817987,2.2515035785652224,2.4383457140746336,2.4356726829141824,2.5590566408455007,2.4324498777804986,2.4287926112583653,2.5270425821653046,2.48882619735742,2.5710875953591428,2.5501741514195597,2.3377580622687333,2.5402576160158348,1.999170251554377,2.032230594286135,2.2314745744080335,2.382371700149471,2.316362306312542,2.4884820568014425,2.2649900870361095,2.482131848102148,2.4905545104781064,2.2307813603635718,2.215511122550509,2.3852163478161303,2.4046980490199803,2.3954551942023965,2.424780990561164,2.3672271596612013,2.4571358017369134,2.587639529615343,2.4696141669831744,2.2651640733838794,2.557698760006898,2.2996734015376266,2.4016472538959546,2.046497831354235,2.223491045836904,2.0377787751638667,2.270278681068048,1.9128830987629877,2.0207485415219155,2.348465482050544,2.335144647996018,2.427900003791132,2.5253925523765575,2.444647198779933,2.5418036377853226,2.36429987152494,2.2990715610345105,2.3202910292673264,2.2312278678255417,1.9878328573194182,2.3442587279596454,2.1650532859458353,2.0699248804556025,2.237447690784112,2.3123665731198826,2.194610668595527,2.369954270185619,2.354387674239533,2.167352664549474,2.4480540763389387,2.583642306037841,2.3928820615619726,2.01958535086611,2.4977396410538986,2.4183646158712366,2.094339929182301,2.547024529041975,2.2459239604472887,2.5229107283835,2.5389098941369075,2.2638152101471904,2.1385764874446993,2.428241611439578,2.367060899647104,2.2218524856843866,2.3493871870753233,2.45225604756605,2.280603226474969,2.3962229036379794,2.2965793374683026,2.266136045193916,2.1342710334424915,2.4532577125802577,2.3682782179586552,2.4216241945297416,2.306275660593231,2.5640046367549125,11598.78083340042,22982.280833400684
25,2.025225313589504,2.0978923016011812,1.9897468004316898,2.250907427740174,2.4071058595795547,2.309542065120941,2.118049908718337,2.075373294283486,2.4005155158553397,2.343668082486189,2.488009768337183,2.486178447346884,2.459099301240295,2.5908880070390756,2.7711204650881847,2.0290173095980855,2.560608205838349,2.735834131635215,2.3839008701705224,2.634712967806331,2.5565641864324804,2.45899224941493,2.425694649758298,2.1058263473831773,2.5601967042723652,2.45111814324888,2.4329078246780025,2.244164962518242,2.321670683418739,2.1970083616142713,2.3873091848441885,2.4368969475402067,2.4410003843229835,2.4605573678321475,2.527575821086343,2.7557316109655687,2.1676454740794724,2.5439987929936696,2.5209800338227364,2.7089705130451267,2.8426362399716503,2.575149329945214,2.0826657476766464,2.434498822279938,2.5196254228066697,2.549825812777622,2.6751801722118325,2.7943647982542803,2.4319894724488633,2.654670941905268,2.800599306498734,2.746985737124904,2.646863263564316,2.5871204922935034,2.630946654635116,2.2821119673666015,2.565524577704451,2.4588421122983344,2.750835600144961,2.221470985599017,2.109149363030393,2.559152314623654,2.2539396930046802,2.124131169546014,2.574108201526509,2.2552632025104287,2.387370868635064,2.469651800004304,2.3320004044259743,2.4616929524643703,2.5017428951336256,2.09610466182781,2.587566441960918,2.200401182904046,2.4669857192420146,2.5870218653673636,2.1655051331867985,2.5606565062884443,2.4665597239007315,2.5348057857183104,2.2814629284450283,2.539957310789892,2.6929668845791674,2.496562750226372,2.5483589867012166,2.456026223783857,2.621914719079959,2.589227351413716,2.70176805626234,2.5467457283791366,2.7265586138733484,2.7972498324318384,2.7956451801100517,2.5639868352089796,2.924751966117489,2.6014383748849825,2.405002854021068,2.498796981952473,2.3270775153294023,2.425925516027831,12317.467411960293,25553.21741196072
26,2.0307935922363765,2.0736044398818896,2.2795664445778,2.1310318433010265,2.132716095517682,2.2192357908868163,2.4174608831653766,2.2542495639427345,2.4108760284409727,2.2978352625601612,2.5256795736094686,2.3926094256371133,2.4123324134327015,2.5898825030856103,2.1678945289926848,2.3954908672546047,2.5716101895198005,2.5092794158395004,2.5526441218040308,2.2322183512900917,2.452554520657234,2.594063516296863,2.652016557707489,2.7557720411469675,2.132480239519776,2.1031397062780646,2.3670011797125032,2.330052997527292,2.288747442074881,2.423335061625536,2.121863350118508,2.178633160182212,2.4006302645391724,2.4454713527287724,2.3750664219518516,2.411265959706873,2.159646589725441,2.3768567750797245,2.336320808463457,2.2503998085314887,2.4552595353302262,2.31765306824574,2.4449481315926773,2.2864072109801947,2.51472832887186,2.6281417659127078,2.4233482337673324,2.423610641326435,2.2415550503363066,2.579215508627996,2.158727046408848,2.4074862234130405,2.503283674867814,2.6606187840385838,2.168581853220291,2.5551576551724513,2.620656782958242,2.64436544579733,2.284498684118664,2.5980845681468554,2.7178889606965373,2.6061161228572676,2.437999551538765,2.416015524088605,2.4748428661408353,2.643488661101591,2.494454126258712,2.3989391697242097,2.6196617035405456,2.2168504476443776,2.386384061982062,2.513028959757148,2.498077747799837,2.5738245629534307,2.530012633267344,2.5493565187252245,2.546478975347246,2.325702199393704,2.387374132024935,2.411813761704494,2.3725473868776183,2.423573454751084,2.294123335829706,2.515086402353658,2.580431914926604,2.2262985548541474,2.609276845034399,2.6230868402168466,2.243034571232198,2.2701419548584965,2.372362039709148,2.4448416451868153,2.5514971236235393,2.3154072592031856,2.291656559570127,2.4608875175891756,2.4486493083963667,2.4542664638930414,2.6201444032382426,2.5731089520871824,12055.36952508313,25229.86952508302
27,1.9875862032320313,2.0316454505539663,1.9730416779148938,1.9346339577953195,2.1226633077144013,1.949910529344985,2.353564007865254,2.24420564151163,2.086857720072724,2.0477047830428834,2.219958973763022,2.2840170779784943,2.555300629854575,2.1759197482224883,2.6884627874462708,2.524456178887321,2.5478677030239782,2.501014185844418,2.2859697820409393,1.9426654654842834,2.389404210201295,2.3555360367325897,2.6430511353513513,2.289440408003324,2.467869153325647,2.6727342976757478,2.1324688734988926,2.333599159946124,2.464090664281424,2.6596469824305116,2.699697591999875,2.0606353462330014,2.6312484346412344,1.9897949533538704,2.6496334627698483,2.548206221528186,2.0353042862528623,2.511056047215757,2.3695928919687725,2.312388713321006,2.5382336529026897,2.4806404947833687,2.7070117952781736,1.9763992383009201,2.1963332628981544,2.267898201972841,2.2693713564707942,2.467487570580598,2.3288145296272944,2.3360392806849775,2.4398504325515096,1.9873720237323818,2.4840839633544145,2.3326677657468133,2.5799351479053443,2.2470810884940695,2.081676144234612,2.5590092097351054,2.6647439565977584,2.293060598829517,2.3627366647953125,2.5378470216828224,2.298831723249115,2.3894899886710914,2.544862020547767,2.55358596158936,2.4079448233948124,2.3440213204986944,1.9921985580419832,2.2920698562074966,2.352614610322081,2.191414370647655,2.2536424826749806,1.9881602135891745,2.327104622690161,2.2600266116662113,2.1849282141658772,2.328123162528545,2.391047667228388,2.064153993466086,2.2450949200939365,2.441710155221511,2.3886485775260615,2.239537819514414,2.5763527469635337,2.1302385753897446,2.3904850818331056,2.418085520420574,2.268464235550919,2.462582477749726,1.939889554789876,2.6416985022934796,2.227260009797079,2.208316566369047,2.5379366016709057,2.6116618126914473,2.57146683184576,2.685967120698572,1.9303444029847696,2.287665111549532,11658.93824548091,25193.18824548119
28,2.0984080784237222,2.0420910338074596,2.131856480303286,2.166371314679669,2.289207627344924,2.3573871960368087,2.403546707222325,2.405001840655208,2.388394068359405,2.244153666619296,2.4238466636591203,2.1681601154781633,2.3681790832362934,2.4943509625978253,2.278430851107122,2.343268336184533,2.2391431839777187,2.3368396380608485,2.3847260307045586,2.2739665570589205,2.261462584547954,2.4166563719863263,2.417877507283988,2.4522243119125515,2.4373352607603564,2.3273316007364544,2.249368126999677,2.422654126133238,2.12785414263929,2.3746966110817356,2.614370585181644,2.6272302129750726,2.453542850951886,2.245318174648123,2.3733461308494874,2.402048428040592,2.404082934409424,2.669043978806369,2.429294555364016,2.204929921256586,2.447853051431999,2.2488858458051313,2.3671555379973914,2.5727602121277484,2.3746838284370813,2.58565390246757,2.57850451111978,2.4487351436274256,2.590299182650435,2.474842668160025,2.4149702498406938,2.2650965525492754,2.3920715675413433,2.375870086866799,2.4070314089954725,2.336275977416833,2.3580416454115753,2.456744112688764,2.356655967180993,2.4255860421133395,2.298388216103672,2.175506764963743,2.659209067697566,2.2999621120760243,2.316332870383829,2.4905565445463362,2.4322861808517913,2.188407544857583,2.26249997458076,2.4627239180096554,2.548867821016182,2.4536537067680593,2.5741393324928477,2.647814786469191,2.3874494489358113,2.493099025704698,2.076747766442958,2.5317318093069785,2.495634916384812,2.0210892676300194,2.386687893871655,2.337871170713656,2.4513545995614674,2.5957086061071832,2.410683340704218,2.5777483090588413,2.332066914742383,2.157169641875294,2.455475650284019,2.2872036084877436,2.4102002890074727,2.5336890264026897,2.26738698755922,2.4099421305170448,2.4736182940459757,2.1775790743847265,2.364032949253725,2.3654446267106994,2.369910173582461,2.3465713940545605,11887.608055132961,23064.108055133234
29,2.087609834659445,2.1719830534804725,2.0690974123908576,2.3010531085694614,2.3045638402410327,2.424591020783142,2.1063221434253268,2.387217888572547,2.250280780025071,2.4372582977438926,2.3461928198581448,2.327041586332357,2.4271320720515677,2.377418492938533,2.55097094176546,2.4592672575672596,2.4498073958304913,2.4330746663825638,2.0726732825165852,2.4270990947271,2.56303881169472,2.3069453349633937,2.5681569012018155,2.2761577084240106,2.4081529522719998,2.374812761963438,2.637549999753873,2.415641383089355,2.450376830567171,2.4166687267174187,2.6708998941475444,2.45712575058943,2.662578243873122,2.2723836292828947,2.140870144271276,2.6061951608084053,2.5856937792610006,2.4353912537154487,2.502854493691544,2.4724773518221834,2.475202752615048,2.4571080839862747,2.2614712163436512,2.28924698617289,2.534653019597381,2.7527861418310606,2.613890490155453,2.651905730086262,2.231262679811231,2.6576736014443907,2.4560876616499114,2.3698147883273206,2.506753849424561,2.623544845003831,2.452759076105179,2.425843191847351,2.7009812364399206,2.5737349353704313,2.356089051729207,2.6225377365597793,2.784196897008065,2.0312964387428267,2.26984929132282,2.6243590732986224,2.220665950985048,2.4277480288261346,2.348479500391831,2.5212734437365576,2.5811384562228312,2.582351723169926,2.525357274127005,2.458229568654149,2.109552850724182,2.4554471113523344,2.5693494457602726,2.5094120329600917,2.71730094097541,2.826188659055786,2.623790185516326,2.1057732847052817,2.6284300457907563,2.5377044351978855,2.683230597960907,2.6564963327751254,2.4463561771745668,2.0049041210600276,2.497996320942814,2.628496552754022,2.696258592618156,2.392324315102322,2.6770582930103206,2.154301766064732,2.7328840877667266,2.84084734676107,2.4091635194827985,2.6065829082197087,2.6964840456976162,2.865338086670708,2.520267686069449,2.6000406668427125,12310.74496159852,22887.7449615983
30,2.143105217523595,2.103484980603596,2.105211177716463,2.1948535747231044,2.216902351662044,2.0283261571218913,2.2492412496581444,2.125675297097298,2.2645771110198947,2.343293742995683,1.9433500631069234,2.461389257242365,2.406248206373727,2.307356391925791,2.4407564066593195,2.2923080287582183,2.467460896070289,2.4475748175007466,2.3829506852641513,2.5432868088358127,2.1643893758236556,2.5188800772994946,2.3408262422876427,2.3202406853571578,2.1712092303993566,2.1706601056858106,1.9285835415728316,2.425280549786666,2.1954527593391857,2.376201950707545,2.146203854940242,2.3950489991635493,2.4771911211570976,2.283273184850685,2.0451311534466616,2.0134647476304326,2.525546775234085,2.386545927472542,2.2209155745786187,2.5302887059887564,1.920569494252145,2.2308801743584854,2.1875546033665527,2.2163974709573164,2.2129900662614013,2.3895955485095772,2.2948681475346433,2.0541424514672317,2.362582325186917,2.3320891323825266,2.0464135275361772,2.3796116152070526,2.2742529689594186,2.247555027412237,2.426936451958548,2.3147194926882726,2.2677351463781146,2.268214950989375,2.423957988439663,2.456582182112616,1.9573742186258514,1.993663591618815,2.206064093028107,2.23844510529484,2.276492256755732,2.3501541492675195,2.3082411715242483,2.23971375576735,2.348645624567418,2.213523615864193,2.249906215580336,2.2435182591801333,2.3379988809489087,2.0833506625199276,2.2246950840566955,2.259845760059374,2.0912158310929754,2.037851945701017,2.3759012716659735,2.3359881382355625,2.335870946268786,2.3016316455691723,2.3016557290666353,2.372567052222615,2.335737230396006,2.2856221314762295,2.374423438139205,2.3088344945604926,2.5771210534076694,2.1973316160652248,2.048632460945509,2.285952187391781,2.0675636534125252,2.2825792595583043,2.2683391816369505,2.153926080104887,1.9433245764247453,2.278364144120965,2.0711085817647072,2.12755834144915,11285.053459293795,23264.053459293427
31,1.9570188294088728,2.09407604447204,2.1827032359692273,2.1818508199567606,2.1090133931627837,2.1387463262852795,2.2243105501793266,2.1355682376740335,2.0828448705368725,2.23137029269607,2.4363819555832134,2.330588708516427,2.449659410370989,2.289416671131794,2.177055839974724,2.441201670119034,2.4151023066622797,2.246255522776062,2.2024376450517984,2.21182438698367,2.4152692781268015,2.293108000101475,2.37572226683073,2.5664829949226147,2.4184795468899396,2.2365817445836917,2.140083075945489,2.2118864592999206,2.436751116598599,2.4948904502570954,2.0515177034709793,2.4995775812228405,2.313033164010172,2.438768244223375,2.3782717905865405,2.1808258202681134,2.553539237689782,2.3846774923588794,1.9895076503265972,2.3908130707405846,2.4567607792390564,1.9225969474000595,2.484547668061465,2.2079481231542712,2.452571386062429,2.6043251119319057,2.3805841120932505,2.3533518849516977,2.616861105292671,2.629409369380477,2.4255510072736275,2.006238463525703,2.637260535519772,2.2855576302377183,2.1530947148616715,2.37505446079389,2.428823957029058,2.5266888337295703,2.295445148331993,2.4496895726787624,1.9624913686731384,2.311850708547752,2.2960899277926226,2.3432758914496135,2.4584508444675093,2.440271861066915,2.472790999245457,2.261092658376045,2.6038145200041938,2.620998968211056,2.2066321329141485,2.4189831108260234,2.296854369583758,2.3061796144255697,2.2252238481004722,2.3564011834611223,2.3616447292714575,2.6567633420292798,2.3616385560773168,2.3417550092619597,2.4011495402661858,2.1771800844311247,2.3040734988636773,2.4448374125820127,2.3481869035438736,2.2907042647610036,2.4645924394641225,2.257937091144436,2.327818710593101,2.5722622908301984,2.4524948936757114,2.3445029114711096,2.345918958528059,2.66350471101625,2.242539427277894,2.3591496466949433,2.478084566777636,2.3721493821968056,2.2393933394260612,2.5435554817275166,11696.640670828583,23289.89067082885
32,2.1915262276254914,2.1330949788758207,2.190221582924722,2.2158724550092055,2.2512428063834076,2.383657724531077,2.3595417576777686,2.330792454609466,2.4397369560594013,2.293306324149166,2.2267677354188744,2.486663768936626,2.466141695589907,2.422864525317757,2.59610428870964,2.376284372390294,2.098379486928213,2.2820931553884356,2.349640887627775,2.3759739010385807,2.531693305975272,2.390503153691502,2.5429164721052326,2.025733852846268,2.3050583886141536,2.352134192630825,2.249669374715678,2.352546538503943,2.368900557449612,2.421490558866718,2.1386628474229714,2.198314994903493,2.376435511764102,2.281381827954996,2.27205255341234,2.2929918501831845,2.3184970244839307,2.406226224772049,2.363756796880329,2.262483172596598,2.273710761249339,2.267145856927602,2.2131871311737883,2.3983241033344584,2.416011210565674,2.323722001579235,2.453173713307561,2.235833965807612,2.3716892393974853,2.3027225893335115,2.338465301030711,2.37222710491862,2.1469127470079643,2.2542388960951523,2.3505319474841575,2.3534976045577194,2.206947224006172,2.3401997830358883,2.3444674732978203,2.3287483171548904,2.402255926449965,2.290560637091429,2.3924023073309515,2.2939147103072246,2.4122243877021567,2.282578350836854,2.4159135904918627,2.3947517624881316,2.344441654956689,2.425019066870158,2.204424463476946,2.333628026813889,2.3321296119574275,2.0659165191070095,2.3699809730842754,2.331784967436127,2.2876207493575524,2.5273045126758364,2.511157830692986,2.2491750873450673,2.376642819414354,2.278819373560991,2.357740113198471,2.2605520801244228,2.269049672435135,2.3453421584818948,2.4071833130442655,2.275534673496621,2.430661077565373,2.356745519699505,2.2470958456625705,2.3440452490477317,2.378334854158922,2.3801043946849605,2.3306716299543937,2.4103489221016505,2.45634009860403,2.4426989893411224,2.244666582649418,2.3880791523389475,11653.047745613376,25103.797745612377
33,2.013348716940567,2.136394417895214,2.203047521998363,2.1200620217045016,2.3214986514422984,2.408048741185476,2.460928778173311,2.460535747505317,2.5177931430501577,2.0768477089339323,2.6184927701041003,2.4370813031567726,2.230804717810396,2.6592528767844525,2.492413711848238,2.4258671474235523,2.5815813856178185,2.4131536439718366,2.3696252288477866,2.5921519972571527,2.45816975039813,2.6220384576218083,2.483262233010019,2.781913210344718,2.5264290945914314,2.7056308456445874,2.5837174249506476,2.6843525744433094,2.8476604166627713,2.5323606901445443,2.6306006694455526,2.6310437776346736,2.751978248999998,2.847802581219276,2.51812173662787,2.846828573706597,2.7115134801635343,2.533436199267416,2.2400488629492954,2.637205050772291,2.471063118464537,2.4988576380956244,2.4687633875164505,2.401605412259501,2.4228254937353553,2.474247762585212,2.2015553504865166,2.23654791776902,2.623499260901143,2.4205003141667945,2.478178859563472,2.528412701022789,2.6161182534737155,2.6818075103582233,2.4926374062375465,2.7080138993216183,2.6572995518811307,2.1623352989322364,2.648227281223778,2.7304934543346047,2.6891635907969462,2.4444139775410587,2.7677139137895055,2.329793318303993,2.3929966786820263,2.2648408017591124,2.6193295685616875,2.3039939271795635,2.5412542576658437,2.566827651111255,2.543876627750086,2.701112685923706,2.447666730334791,2.4023110336328686,2.6617059749824676,2.5638865627683156,2.6142148632445266,2.510480270290036,2.757628556119987,2.593094069853883,2.6911949943109694,2.1797453731702223,2.6374152227699894,2.6131683570884134,2.5054986531663306,2.6218050320670243,2.7015861498701725,2.194111168676017,2.5386334341629664,2.7445591482678413,2.783334643939578,2.7651713363974886,2.3280527103759443,2.2564058572790278,2.653178690284285,2.39433321104471,2.5900370883638915,2.584651418846676,2.5343846189592507,2.6953054959606737,12588.245582393603,24597.495582393498
34,2.095004669642959,1.973865507824907,2.084317649120651,1.9342655590981657,2.165377380997599,2.218491333623906,2.138715611852517,2.1949722902056936,2.222723234551164,2.322119305665354,2.3813522717017244,2.342246520534174,2.18349161390725,2.448558140602423,2.3457233422391477,2.3941821265382255,2.132102483679746,2.550148601373768,2.473991524793602,2.7321618948068958,2.4234232625001306,2.7725256032657755,2.190683479263917,2.526120874099979,2.2464361354929783,2.3698615091451556,2.496283398652564,2.2683337828810823,2.4800331192564737,2.330202395752258,2.448494282755461,2.5971644307693373,2.396738612503862,2.395166267111718,2.3622341214768183,2.428055151630475,2.2529130668821393,2.066151055212154,2.052937638058153,2.2873517329772572,2.1551006733361207,2.1727741266215643,2.4817543400802005,2.3928097784322504,2.406686950682765,2.5875104677082192,2.1397419052706907,2.4738456440232683,2.5613985734935687,2.4578521166785934,2.593841984757209,2.3867648836555078,2.43683039773891,2.467040671044085,2.597471263798755,2.627166738075016,2.5642459744931783,2.5024221225740533,2.5658063900482073,2.456111448915727,2.242132597653832,2.492826189343003,2.4912264061727414,2.244882033074659,2.535134846339938,2.5053152190312993,2.5601137267040186,2.4042489337773087,2.46003775202816,2.440762645320448,2.130113597005013,2.3994074541358477,2.022760880524948,2.4070479963126217,2.5951519441021857,2.4710026073945928,2.361411926009478,2.495001137788212,2.0906481591471775,2.467670288867513,2.481317931098977,2.67536408375102,2.0815059870305905,2.1713182660636052,2.527475777364179,2.6518583644533904,2.2078278417716697,2.629494700930459,2.2675930624470646,2.4602969015649405,2.2146201960197534,2.6104853720477417,2.119483649779186,2.5732742095936665,2.3707047943650053,2.525543985889221,2.68666163748596,2.5188889754135055,2.56358700682287,2.6460560974951743,11927.617630799821,23517.3676308
35,1.968745969113411,2.0312350588434835,2.1105851988570636,2.157535584048006,1.924790600225231,2.0368841248377176,2.0989032936290966,2.0946940536424936,2.0870970304255527,2.2499810471026978,1.9431631114280377,2.28613675629235,2.1290901259460178,2.301234136919661,2.256245619265943,2.386732709006301,2.0974169467598487,2.240360132038208,2.273676567924548,2.448917078044192,2.172857469058684,2.4132342115599292,2.3109173036076873,2.478728663632731,2.543793170417799,2.1617484042018207,2.301618628696248,2.3214682921345253,2.222069527762722,2.284689135107752,2.241677104162766,2.148633431302612,2.4848990131384623,2.199891952867869,2.4668929541679963,2.3649714270381956,2.3643966586499534,2.170038364682755,2.239966072217293,2.1173702107521817,2.299965700532541,2.4596188657718834,2.3063872201214077,2.2417689264213316,2.225847335641907,2.345743651760846,2.1071286167755963,2.1543501333933177,2.3712883296614877,2.1429552613724927,2.2748415203930397,2.1653362842264063,2.186242211369169,2.322802393544911,2.3148932907560864,2.5119217412287047,2.3845453098481086,2.211410502647874,2.2365928529629775,2.32351857809709,2.041876376076556,2.380738571572734,2.449525219988758,2.1983114230632155,2.251983246577502,2.3733146955169264,2.448898704273674,2.3248284648918203,2.164036585024693,2.1953943796929365,2.381894153185635,2.4877978932730835,2.0426066132127447,2.337855375659436,2.4691838237484864,2.2665537268810945,2.3931316323094074,2.3064800031143227,2.401631047542772,2.406566537264957,2.6196812845774002,2.034107070872325,2.3714076144804856,2.0478843533757383,2.436234421239086,2.325247068721145,2.423957268677303,2.3121102998293814,2.4432182009777215,2.4262046177457552,2.5391791642269284,2.437789242823949,2.3549399355470153,2.591187156876023,2.1744276672957996,2.2769383377465,2.1807787332000843,2.1879895959870153,2.203808375676125,2.0920592657741177,11376.110200727884,19545.360200727966
36,1.923173796621887,1.8993368221585416,1.8944513793146494,2.100834317204683,1.9777632472630955,2.1892882315913216,2.081585361122454,2.0756825787838586,2.1504469175962186,2.4317366880683924,2.0887404210437057,2.0970286940041705,2.184788336404829,2.4627612098514575,2.5121489360078506,2.2559920201011816,2.588247659444263,2.2681511652595083,2.334911583234043,2.1447558980832735,2.1151071175730762,2.342363131147207,2.2352696879079157,2.3239181368252275,2.588672642698013,2.39775081276423,2.564547214996336,2.124586400610355,2.4155911551568185,2.1826213652537514,2.177159015330115,2.354380516102761,2.3282632852688416,2.158152125232075,2.185070802056007,2.353713327067565,2.390599621763413,2.2178602475101017,2.3608719302453465,2.4047118299822285,2.5016627963295517,2.293016949536421,2.4943316696171816,2.370527373415824,2.5039570963469293,2.2172701779160384,2.3211057795987258,2.416722423365874,2.776865317618925,2.4074458043212332,2.566001915860427,2.413672502233169,2.4169615298036726,2.526080970189179,2.6367676243902145,2.4702763017903626,2.1742838257876596,2.8056913344838756,2.2529803318148596,2.538029369354385,2.504952827792959,2.4069618660884053,2.4097358344927056,2.499788816169387,2.488881230080821,2.537720426991351,2.582263081191689,2.403866904172958,2.7570725426720712,2.6430389947311443,2.4716885190758813,2.511524208666131,2.5909193103646255,2.283578160346266,2.249825689434205,2.5477752579157293,2.2762008442499546,2.774701218129283,2.5215272729917175,2.484444215122771,2.090752899920572,2.7015054099420026,2.0533305055686806,2.0853301131733586,2.320262138127741,2.4598423771081954,2.3259807222224613,2.194304706109358,2.3647631567592975,2.224465210044136,2.50946864045625,2.650569453334256,2.566048293887326,2.4670036368318318,2.420524623163627,2.576895814184673,2.224575899725967,2.2933226089117547,2.599763262363537,1.959719219727585,11801.079131733399,23254.32913173381
37,2.033539535992362,2.212410921644708,2.139982721316664,1.9209617591679486,2.200197286730102,2.184550546475112,2.273868102696374,2.214136433625525,2.3154730670922676,2.316015079158491,2.19774393836304,2.3571938687443286,2.5687043152046654,2.521543000348749,1.9978347396344671,2.557355401706649,2.1941191408204843,2.396031695524212,2.5617673026742636,2.7611028621586424,2.096651599421502,2.2543030216314244,2.3642702711997416,2.203300819638102,2.4294156379953677,2.3605373803546827,2.319876099126389,2.560572690196715,2.299315107131531,2.362535953614941,2.1752603901808136,2.3575158641923246,2.333348483670057,2.569732580451036,2.3588273403212896,2.2624523339813543,2.5707160449347755,2.231979123524673,2.4707261681161397,2.5631516229849085,2.4295860337033677,2.312943073500969,2.534175234476611,2.423238369182405,2.238417961261923,2.3586067699855664,2.3692658397653847,2.5216450823442873,2.471415877502219,2.6794645843580804,2.6155825510178072,2.1257994287126407,2.190253599686028,1.9579101714558627,2.1633819392521842,2.3350703854839265,2.418432616173112,2.5290222217372236,2.1346827418291507,2.4388358134945385,2.3781789424651136,2.4131654919376317,2.3134935227778004,2.4128331512349517,2.318946918339218,2.4453466923815874,2.6476511372008016,2.6798466651578665,2.171849051541211,2.525161936993633,2.337811899610126,2.523303975089002,2.0606030257214716,2.3776903915416745,2.394422215565305,2.1192628538498646,2.5040077105079983,2.445739624048782,2.239657096801995,2.3663526966600985,2.459915654042165,2.143037963652795,2.3698496405099547,2.2536385041719087,2.324809166917667,2.243578480770714,2.3820281396286656,2.4781005822028472,2.3251142814643377,2.4487964423765844,2.5979704882680976,2.5083497805516215,2.4610302914081696,2.2746568742058866,2.3758157349768236,2.337345892879494,2.3384713469596843,2.5889727405353087,2.3307078625815363,2.321826422544387,11777.804591837245,22283.554591837066
38,2.075041428129307,2.2086556444687515,2.2158312132976614,2.170545067736589,2.1742856748937536,2.202178401411016,2.3005824616207984,2.415918212677921,2.416275743412281,2.3890721463670546,2.3832664807942265,2.23880695044622,2.376192178459287,2.41623929611018,2.2442185971881865,2.253718724189296,2.3757897873273013,2.3299865443304433,2.4549191427981447,2.3406727817387023,2.2823604570959564,2.4166832888624667,2.3605602673321715,2.481708720739695,2.433561842707878,2.324316411205786,2.2658450321010326,2.40947831722597,2.3465171426993177,2.4295019780739526,2.3413916632031064,2.351317550775276,2.2988622056687453,2.416479202085661,2.523042046880368,2.4615088831860485,2.351107377289749,2.280157196596984,2.481849623828084,2.514365695012206,2.3797393774892917,2.2796721203728736,2.4267373610071856,2.2327486556682428,2.3696650511663213,2.3809270071367776,2.2359417948817226,2.4000335393246517,2.30023592101623,2.4658543074624593,2.216764634817872,2.291103980117438,2.2718079803141094,2.4318840339040975,2.3672186931582577,2.3341712804959114,2.416692593459836,2.423027149774788,2.4455905523051054,2.374755251196385,2.223690377039866,2.2968543570360604,2.2798429383755505,2.38503831855345,2.5023927282241605,2.5276265040554904,2.2297534596800617,2.3949429692892172,2.453078118731713,2.2557388179791373,2.372288569213699,2.2730421726204897,2.3639630621921865,2.328347008842457,2.3997237929345743,2.515338959923461,2.3429328479349336,2.320481953811083,2.4302184850808506,2.634028311327433,2.154391786090362,2.3733231451721655,2.5017771072466792,2.543503278767241,2.357179213800626,2.5192206051810047,2.501585918721421,2.26543795323176,2.3779063518668737,2.3953307063058826,2.4102807354693967,2.194388264614691,2.39679336234768,2.412717540939075,2.229432019461644,2.377620559771825,2.309749535123838,2.2772804673839597,2.4330350543186516,2.502478740011137,11793.006938185446,25428.75693818587
39,2.134172206524087,2.1450804513577038,1.9940756556349661,2.0933244334993275,2.069007998235323,2.1497050584648747,2.257506585903212,2.21237394891456,2.1795994197160633,2.2940339782789976,2.4366242949921713,2.2089355313357433,2.347932470690366,2.4558417971686834,2.304242636864154,2.270194499339569,2.3596147969886854,2.3957548946966614,2.239488360599666,2.415107354945499,2.2579238934861006,2.3654479333997234,2.4500009892662784,2.3392336690907087,2.4168829508979384,2.230378682804801,2.5283412875668105,2.3765296306650847,2.568945882092268,2.4551237554970773,2.5058293172925232,2.4185035505183525,2.5363684435758937,2.6135767987951497,2.1573369379043132,2.5229850973761634,2.3404967395351735,2.4823874684506273,2.3545934586821873,2.291202323359762,2.5588382979994395,2.5399714755012095,2.3570296887666937,2.3909347843572606,2.0991522229652704,2.3806599232739862,2.5010193420126674,2.0972484695229014,2.422919995011979,2.3059960682600753,2.4778903368150615,2.4732678407508257,2.3271626714974722,2.478272198685465,2.407903500296045,2.606600119622651,2.522225509501143,2.597366329789484,2.54311612949286,2.676620077825402,2.111956621043392,2.3422354105396623,2.4291559446356463,2.6377896144651913,2.4935738850357128,2.1987512520115438,2.506521152459677,2.526030794082369,2.413616038527328,2.4181821430366544,2.4507290794696472,2.5031118699175634,2.4442216762250184,2.401092370079934,2.3356487842066884,2.573212224863043,2.267123643660199,2.3623515259700416,2.3568691099068246,2.548808014833307,2.5529584463868904,2.270964641299098,2.35548053445634,2.2442115205791695,2.42469731949107,2.3291715497286383,2.4110085542288786,2.5321445813332026,2.3824795417879288,2.5755373384066713,2.3886907702165474,2.4505865604664567,2.6386691595427556,2.3007845283144945,2.5330295435209638,2.4498668484128774,2.420203190984787,2.5266944957056388,2.3548631080897637,2.503276660133504,11945.260010720513,22639.76001072067
40,2.0034765326328996,1.9790761770251308,2.03387583658602,2.254175297417406,2.129038713035023,2.1702801723463274,2.181154180724094,2.132455006378077,2.216759822985685,2.2573260732994753,2.4126655267638792,2.112223711497258,2.204790994380804,2.388938626644332,2.3040007120808768,2.259761898549247,2.3732282715291637,2.278308691504875,2.3958324612211244,2.428879673138928,2.180222778704982,2.231894249550587,2.3452310262721614,2.2547576045697615,2.400680425893126,2.4343946702931056,2.4406013955026076,2.25825150152569,2.4090351471504117,2.441033676803891,2.3547209402974527,2.330107304890752,2.5083431989825424,2.2546703108710546,2.308978276006478,2.2064240272645184,2.5095998324170266,2.2018703847589927,2.013154390797396,2.1877640335062654,2.441331582282403,2.2300930543819404,2.306101800408438,2.152481665546812,2.2248737535502574,2.233737190684012,2.306430671785249,2.0607437150682064,2.2134693666856564,2.2366128848087303,2.3150058100371265,2.323166343996749,2.241163808402647,2.23371186958477,2.4647510365662892,2.47505808021956,2.1928579105368375,2.445935207670685,2.276519301743863,2.2465091335430865,2.2443827905333773,2.4878988911933826,2.461468578648851,2.2128679170043783,2.557057599946296,2.2544391073785177,2.253456788811863,2.430758813996543,2.3225085033998236,2.430431726222935,2.438156000366804,2.2997077530713765,2.0684188833976425,2.413169917612271,2.4619211467989244,2.3400570366423272,2.2689181678093338,2.295554982863079,2.2683818803043425,2.312932447009591,2.3142828455826283,2.382490645356755,2.1482211784914766,2.266983617840392,2.3977811702879195,2.0251550772545905,2.4254457731332217,2.1359394503606293,2.1616457786817755,2.3431521798752972,2.19046309394688,2.2199956692503533,2.3119933693537202,2.4290594750628522,2.216835744614353,2.335504232910098,2.2702226230495053,2.3061239651939966,2.3465949894592337,2.380294377314868,11441.960596666748,24347.96059666697
41,1.975773717024087,1.9822929794821218,2.200964076208214,1.9483495148075636,2.0485886303388283,2.2707367225869937,2.2101100627966437,2.266631791547283,2.4670849862470794,2.4190264788050064,2.2972121597792414,2.5669765005859357,2.4483402796693636,2.411505746656091,2.346980176229146,2.451758595792911,2.1190612719931554,2.27738593635663,2.1646386226255485,2.4095359846043345,2.3011849947018392,2.2486441317247987,2.46515633428154,2.4642788874407104,2.2834741462043477,2.541880421357319,2.3083319167371363,2.3196165910138027,2.220765900162909,2.500717987244416,2.4176930048828518,2.1854004732310393,2.1077866347525354,2.322543474358147,2.505938663092435,1.9740768817109393,2.3242383696403626,2.4996049581037854,2.606924237156305,2.556063189971559,2.4185670972610733,2.6511604625337744,2.3396394307233535,2.4516340929603797,2.2338224078973936,2.381119576907381,2.319318799911286,2.297556961458818,2.513076730395958,2.059928476541183,2.36989089198098,2.4210516546739798,2.2014064451191135,2.394781881404873,2.1017503094014174,2.2387355630157715,2.502618815837664,2.211029191789331,2.5513372510913013,2.372757560448936,2.5069320403258395,2.53762294445678,2.44308784975123,2.359797645662052,2.438628971730398,2.5438867906811975,2.421194958798126,2.4533155988735595,2.3648280564960715,2.426660115118148,2.6395030587278807,2.227750303196365,2.438838536544898,2.3593385359465686,2.4191211206728425,2.314902314991429,2.536748801875376,2.531816111026944,2.309948652579304,2.4992618527538317,2.609131089275605,2.2292714986991733,2.353859009285318,2.504394303666062,2.242617290391087,2.413048126577255,2.538430057344133,2.4993853936053814,2.3916420705357386,2.555820265367836,2.438687594732697,2.5895197874346234,2.333139387295006,2.5250091224148905,2.557079065264778,2.4607558078113563,2.4388252164824014,2.537819313990035,2.292007596900352,2.59145070956184,11867.176800005165,21888.176800005276
42,2.0466242142130344,2.127239997694223,2.1193071154430245,2.169730188929285,2.201855282589907,2.1086500177622565,2.13914586283385,2.34946110168489,2.298264478515794,2.406295641884437,2.2296117795505435,2.3893739530458826,2.624397652276161,2.373080039550688,2.6444008101194294,2.2435297153069764,2.528373290053623,2.1578431198302974,2.419108802219619,2.219273642103129,2.350814922574398,2.6354940036022914,2.4529758657966867,2.318856582418883,2.4610795397337317,2.5049474597659036,2.4922855615293806,2.4856856348792324,2.3358249471469126,2.520960129865233,2.376245345287637,2.3690396444565662,2.504898282743391,2.478784065944703,2.3957695491676523,2.536504803964082,2.2908435593297964,2.4586929313663948,2.4403871622846807,2.5317774488111233,2.37786796681392,2.4670032649766025,2.4455342830582696,2.2709967134013893,2.4015718300750946,2.3581672534592384,2.287129500737962,2.1224862869538437,2.282880184067219,2.46581734265918,2.3891455264653696,2.379718229378193,2.547485336140209,2.121218632602138,2.2365990738510284,2.521307035603313,2.3442223905468675,2.484546545408144,2.48694737237081,2.5109623229457285,2.3125480034013957,2.594335437181875,2.480099708789057,2.6610550044754135,2.6657900756232764,2.603548834887953,2.428465002780052,2.229397466858131,2.4096691659103042,2.5158258319200746,2.4235993532154754,2.3634549073576276,2.3386052748336486,2.3203858495503606,2.301222475147155,2.3734598144241117,2.491144019214127,2.0905765676401766,2.377359164214692,2.308643241949457,2.3659051180492865,2.4117192267234917,2.373986513835128,2.3156799154208074,2.4021003033528583,2.4107739087416955,2.388540913294388,2.58322774122528,2.343649212829038,2.458548626784731,2.0276992158417717,2.3600178968810903,2.5352925216361974,2.4457419855691,2.385304535906719,2.3642935239416385,2.338171828928514,2.515150776021098,2.517929168309864,2.4690309806097837,11927.049517553356,24753.04951755307
43,2.0961315720261675,2.020025830943472,2.081347612429272,2.2899605244434977,2.3703058510712376,2.174325231497693,2.614216160126242,2.4033936986057913,2.6808626093064145,2.5789136000090718,2.25974219716166,2.7246684065775004,2.590586900301769,2.2897928024776433,2.665342611476254,2.5068464571015197,2.7204805105806327,2.850712311384722,2.876717828265967,2.90309058456985,2.4868638587130634,2.838265414747288,2.4675786398174364,2.370292754292835,2.0798385850459455,2.68256407844587,2.5378049747074805,2.146688748962809,2.2181915722554293,2.4674700156695475,2.4297074865308215,2.6743062720101305,2.7123624025803865,2.7969728264746676,2.6835683757218636,2.0209142362805017,2.5354413432948846,2.6776705452605345,2.637334369606528,2.3888692028117804,2.4494133991708718,2.514298822970934,2.149850824683089,2.6094210444875405,2.2102144553180154,2.3419247519989956,2.5779561112263827,2.2728100487640632,2.5365663840575943,2.3091866442095585,2.359940220157975,2.5749511063153103,2.55359855505401,2.4860577437305493,2.5866838311798825,2.2383262669575563,2.3742995356118293,2.526018814759203,2.462066845352303,2.414023486518866,2.5768157207114273,2.0462204251630682,2.511539254778971,2.4588254499949667,2.803310937286536,2.047041009324273,2.460696175303038,2.5902843432929954,2.837605996052433,2.5432431081797016,2.420675163744408,2.3188638952890575,2.4640723301210654,2.6151966946445424,2.575725949973437,2.6249531312719516,2.310300453579492,2.387384842671169,2.6536206533257034,2.461633291675357,2.59644591480077,2.339175556574466,2.460161751052795,2.2616172288536287,2.3892423799113063,2.456621207178929,2.2856989094493265,2.5042433388299266,2.4304820389759243,2.4912015469413067,2.328791757895372,2.604724845040619,2.393065396864038,2.4128573650082963,2.634417292436696,2.183836769946907,2.428367328527603,2.2911586315110757,2.573493311436555,2.655060458151983,12326.322487594092,21395.572487594192
44,2.062376063306206,2.135423912477185,2.0963861146728466,2.2182074626298918,2.244459306121486,2.277502239533594,2.3031583697395868,2.387721196119823,2.165909030286395,2.4862948837347965,2.4510326228230452,2.5560015500067723,2.2470394144291395,2.350045643001768,2.448735548355329,2.511524072829378,2.4941672728465387,2.5672666647815965,2.536633667042658,2.355505111107075,2.334016076574908,2.536942776568073,2.549484258944373,2.6042323096953495,2.252095448244701,2.5976406415414277,2.6198333004342245,2.454521950111467,2.4179445173894383,2.3330690603250086,2.3740373106366066,2.504588617267542,2.4152099313257445,2.514596456095438,2.467712783249045,2.377346153195735,2.5284568909399123,2.499523655840315,2.400788674822685,2.4200049607763967,2.500592203624195,2.370926948942855,2.4595397884030517,2.586956801624735,2.4912725679118712,2.5683472075106017,2.565431094921656,2.469599769816506,2.610253164018223,2.37670880716027,2.6175737624007294,2.443539044929261,2.5384149933474194,2.3610829290822424,2.566271742180571,2.5255427740723198,2.508387828648814,2.523475330952054,2.4601226171065416,2.49364630332302,2.3647575095680122,2.6293141172695456,2.432609237034077,2.531633093299892,2.2835079084055887,2.5635904605973576,2.4280267458792952,2.464854594978389,2.511445494899832,2.5754899329476397,2.5619324878140315,2.405280089497406,2.5488065724279965,2.7922270456979748,2.3034380695497974,2.751913375347761,2.241351165838993,2.34481538378777,2.590394143149567,2.5638000554234424,2.4555267099477422,2.478497026876359,2.5528819158336216,2.5438545908174497,2.475835460701348,2.4642505556977405,2.450233973331949,2.4569033895418326,2.4889069427746664,2.527118962854768,2.556526759913497,2.5822923165206997,2.576632851654724,2.546916767972071,2.757837151845885,2.644433087779944,2.3364715721892875,2.5298593425025975,2.3428749921216148,2.6011156589604307,12319.663955652653,26184.91395565187
45,2.071037305908048,2.197769765621254,2.0868835275079807,2.1298558551329947,2.180595978293555,2.2730090120855726,2.356312069992878,2.343939900186962,2.3191396838081637,2.400325617723169,2.3613226823280495,2.406438059906392,2.430213486970116,2.388868715017321,2.3529853486440793,2.4818718177212586,2.211092828083324,2.413526011693668,2.4252160460658163,2.2513551334420203,2.314140082394488,2.471060697451541,2.3614339028743583,2.4700163514527156,2.563753626298312,2.16060877184426,2.3511586996925202,2.426707085562941,2.430904091778445,2.1575783468295295,2.450492939264,2.4602608169957203,2.56810251350552,2.0812030059650493,2.181869803400696,2.2393396871688074,2.3484893461895244,2.1032196339237856,2.3962844669870234,2.2786469870367334,2.3045147321695274,2.461683440891912,2.2458737173209724,2.355617806959423,2.345003850749662,2.360337377447878,2.4020151111080357,2.377224340743437,2.192021501046347,2.224431227320261,2.364464215091468,2.4600127308057074,2.2081865715770403,2.3735392483072766,2.05966276029375,2.4887028702214216,2.4178516523071973,2.491789426800622,2.531210721047758,2.6851218851084364,2.306345088809725,1.9923462735106574,1.9442087451833876,2.1175429268963493,2.1999640410659635,2.1788326222743333,2.3331036352682806,2.1037857282548185,2.096234991918469,2.2100465133334457,2.15795158742745,2.231308475050851,2.396594062467562,2.2777826906117467,2.35673892507106,2.2219747903500857,2.12467993703051,2.369786612050645,2.3054701657142664,2.3720688898378284,2.295923724148564,2.372762895403159,2.3106545186761456,2.1770322222660643,2.266546180066356,2.222639076557282,2.4679476721810985,2.296549090612553,2.2970103327474547,2.3718339133802497,1.9192404463160346,2.154688787218743,2.154999724797315,2.3383278137997765,2.2281241100312568,2.525983795815894,2.2440986225863147,2.3482775596052043,2.42485332095632,2.3719141417823213,11516.623477057114,22549.873477057234
46,2.0983506082355587,2.000917259989178,2.1178431639881183,2.305208290896809,2.154098139027785,2.2751057907133387,2.383116333407919,2.333795479569064,2.4367586338977962,2.5267041297004935,2.137376486890669,2.5177217104932326,2.3829759874434253,2.531757793095542,2.2442304718575614,2.349186309012097,2.420800330496763,2.4328481686262333,2.511658969638781,2.3345023456364977,2.5249328702036835,2.4192324065990873,2.0789541909592493,2.1996991422713825,2.4959266777196696,2.352902691605959,2.3806992158919225,2.2813627965097156,2.4242350535573376,2.551946891377517,2.43519783639134,2.165355259553399,2.3927871031805763,2.366428257466577,2.578643269829471,2.5292547787054236,2.164623915187227,2.220531151101216,2.220445095823002,2.549089834745528,2.4709513715090856,2.4574989715370954,2.640015612856792,2.615871857396385,2.440014175808542,2.611169848809403,2.364993181722935,2.6385362431721546,2.2914573653158974,2.277906177247212,2.688078117767885,2.5244764543247835,2.0803531917027906,2.2770161473012065,2.4901807403602607,2.5568850757287738,2.1652851870206367,2.351550483327114,2.374113881253872,2.2519270412899957,2.253288668520318,2.4727087003801778,2.167984415714434,2.184881419071641,2.208405251320886,2.402888611768022,2.409163377651719,2.231108238870166,2.2059566432445137,2.168257264304687,2.191610790259494,2.48258396989692,2.4624921345822663,2.1951055224319287,2.421692627107043,2.360408712310772,2.3048156295348146,2.148782100912697,2.4183148182391307,2.3591268760865782,2.21891070859482,2.3489184797898206,1.9356803352745189,2.057898711712662,2.3823348113899474,2.2174377902600413,2.5247987416590507,2.269616469683051,2.3260319128249343,2.3190930574330015,2.20956622103425,2.4730186002187238,2.3518562593926045,2.306731760503751,2.5225857147680943,2.335147377952714,2.460379277219433,2.22104840253416,2.240234164299436,2.3817326525129814,11727.404159400758,21128.654159400907
47,2.0339172273186534,2.1801462828904397,2.123341044131998,2.1925394396745217,2.1868722975065724,2.1602955771627053,2.290739748817741,2.3140139546930407,2.4525702873307282,2.01951701720469,2.0398399948014823,2.2690379183544156,2.540927051100917,2.3788431413944444,2.428642470672867,2.3796583958215654,2.528743603035896,2.185211672033127,2.2819148517475014,2.281493256543331,2.5558282763993465,2.3337031731229674,2.3877494020773242,2.6204193351664196,2.1189940949166255,2.4905628661418646,2.141998974484892,2.2707810762812626,2.2188967998649383,2.479129476240235,2.6661807341248567,2.3967663776649526,2.437371056705847,2.373048562008923,2.255170392650706,2.3913050784833527,2.2567766783169074,2.464724221770528,2.4314813163952156,2.5250991358414994,2.301986800032729,2.480306809370669,2.732755098409233,2.335707440872825,2.654901698047003,2.2497498036238803,2.342164951706581,2.44986758062422,2.5512229973006537,2.428251160764962,2.503449570070803,2.297693609100341,2.6560300878240883,2.2329238356557375,2.4569800198714886,2.379549757420226,2.3782854136272196,2.307167439335325,2.509555514638989,2.6624092226492104,2.4960674348356413,2.4448058821512166,2.5520695043827306,2.234388055798171,2.246808841862696,2.3045997035334818,2.5118005596093997,2.0824906315149487,2.470670965337408,2.4035149330923624,2.4365168292792676,2.3437854808063885,2.5133682436933786,2.443978408771367,2.4613583386959728,2.5720543412672146,2.600837992442936,2.543600751064368,2.6185182920105086,2.347219175138803,2.1602387580797804,2.460978268983443,2.3400157738118303,2.6320209197107896,2.477570990360887,2.1795852798849262,2.5331331578626664,2.4033492790184643,2.5501601996158483,2.640228278619743,2.527141233006505,2.715442835166008,2.4622235093048452,2.5148248330093477,2.386395166523953,2.595108201429299,2.2775081262201184,2.5969678357026305,2.1654485057182553,2.292320345161789,11976.716346716043,24278.216346716315
48,2.0482944342220613,1.9670954149903304,2.2264831457050507,2.0744566828645667,2.0659006078254363,2.3025924674788842,2.1561155658839777,2.1805303862542833,2.1895956561489105,2.1801524057254547,2.272903264140482,2.27487045089107,2.240792131274458,2.6004162338712984,2.1366805511646048,2.1181484697574744,2.2267876554333492,2.1740794984793292,2.260611016445496,2.252470733265391,2.0446442987283033,2.3924629207748835,2.5628731132010625,2.141368512106088,2.402100593519505,2.28247864289047,2.3651466256285745,1.9902788058960674,2.4759987995261454,2.307881327273167,2.165679599808349,2.2450785022511677,2.0422644888305417,2.1230918032373776,2.4346498572963005,2.2737284339827974,2.4246755012629637,2.107122088641374,2.4001897435417847,2.36548280373678,2.4997783540759895,2.2661543275606957,2.3921849395093067,1.8292553579163433,1.8618071569835277,2.182837576908485,2.336957085976848,2.4668719059459363,2.2793035900159695,2.1293660914139543,2.1301146454748703,2.254579582647228,2.2890432734068584,2.236682672810158,2.402340483141742,2.3410525091221035,2.159442446850227,2.2193449633645743,2.3970375505148245,2.399668548011341,2.4908134942909204,2.0186605471190817,2.20700330877128,2.0312061238924097,2.0995382772481412,2.4207683982155923,2.2567691989778536,2.4378493654485407,2.4387229403842325,2.2450818675527056,2.365551373318852,1.8371342788584986,1.9345683740118225,2.4797363387280473,2.1849484774985255,2.1868600358348416,2.3825919198852703,2.3406230192688686,2.44089972878195,2.0813525246068942,2.3667631226230545,2.0650253165875476,2.298683957442872,1.8414628940501094,2.1162921022966894,2.215260097009297,2.106459251100044,2.162054059596146,2.201917760719366,2.1314546367896416,2.1921590122126107,2.454589764472957,2.239180332710867,2.261734974622462,2.3372907619069965,2.0858559412682487,2.2059471862876814,2.022531755508717,2.3633966687235626,2.197169766372544,11165.795262530119,21483.29526253036
49,2.1305271476034218,2.0278581739027586,2.2526426291693467,2.2412563582109457,2.321345478610161,2.3766906484114694,2.3617990261083732,2.3047221815261785,2.224938492340056,2.3087148557464836,2.291154352283659,2.5401166464557154,2.4077423291988045,2.4997768844278876,2.2356744918271296,2.2819801131523465,2.4577634723906554,2.4334361454452065,2.1855164610091253,2.4108653990399715,2.4562872250693015,2.3448565295916115,2.3738343261612314,2.236314268770516,2.389649793218023,2.408421210722322,2.335559373677207,2.43999778581306,2.536572096420036,2.4210392381303087,2.4944820662561438,2.562721210257109,2.6871691541273646,2.4831863605101203,2.5664124253092386,2.485693167450666,2.3312080117469005,2.4272828296957916,2.360062879423103,2.565352547519176,2.560255369095976,2.481825621364818,2.63307036023719,2.608913360461051,2.663189024098651,2.060694624958341,2.3543523638984674,2.552886353685008,2.641838114435997,2.4924830009222596,2.4656766406285566,2.5583338266459825,2.533555940694988,2.2363029836952606,2.5468999267216805,2.6252225071462045,2.5320138426055463,2.5510238839611743,2.4699397186917604,2.279626462669756,2.5820462040732797,2.577791537879983,2.484593049596014,2.488585046827211,2.420307134050987,2.3754358239805375,2.2190010625728,2.3983303179385462,2.257405321472202,2.4806171409599123,2.548602295295334,2.606179328047334,2.539561086681576,2.48787673375564,2.1039215040189436,2.590864835781431,2.2046629437245797,2.4668794178380984,2.543397493395604,2.0556966074982514,2.558073716788481,2.4401424516793315,2.334925337946409,2.5402466210563692,2.3925983513769795,2.5370532595761883,2.637662834649843,2.3396014269785637,2.281907716443511,2.7137506557738624,2.379169572179378,2.4312281090961148,2.756255576506021,2.2465106633601937,2.275428892447624,2.5092574773973224,2.0811790767003,2.5795966159083195,2.450838974742972,2.385084341129542,12117.54971352366,22151.299713523807
mean,2.041116739039857,2.0703622449899313,2.1173531868206386,2.134699553731949,2.1521653032450994,2.2206070168739593,2.2478894451768268,2.2587543538902315,2.286638758470853,2.2856104768136563,2.2913568390207466,2.3498795362473928,2.3510986168721186,2.394280311485092,2.358446510875354,2.3311386668555487,2.3467821435944822,2.3548380289958883,2.334909481366114,2.386132546977147,2.311821591371058,2.3991136560150994,2.4021082492774597,2.364827622167627,2.3717503316504205,2.3885755095881196,2.376923137926453,2.344775230446713,2.358036396480084,2.370427122471271,2.38554622051063,2.370344443143022,2.415968125575864,2.3621011236812723,2.4035976834093633,2.3627683617237047,2.355748366067845,2.3746792495099265,2.3397987500472777,2.433512197973472,2.3868764058379246,2.3600296522091266,2.3853387627003406,2.369424656623563,2.3742998582964296,2.3847320547897226,2.379893308078279,2.352969676945097,2.3980935185499415,2.3684029274739187,2.403679880905108,2.360923411984659,2.3534988093447806,2.344521739913227,2.390025364585378,2.401101570004581,2.3891841651952355,2.3905414872826727,2.3891975141355237,2.4288130274885016,2.36509501938375,2.355021135357568,2.394766382651911,2.3533713130302996,2.388044977703268,2.382389421527686,2.400152600930075,2.354259003424056,2.391927793650985,2.3725716865089073,2.3699283070240154,2.3530144118668685,2.3525431997454813,2.359854014828995,2.38758396958899,2.3818508936519454,2.3304192785218927,2.4059052531888456,2.3875062479289126,2.3557064563352426,2.378677196475839,2.3638409065316437,2.370122817016653,2.3919525452797377,2.369536876767134,2.3628112474805603,2.4109564917175557,2.382599965373976,2.3466769454211804,2.4209785184748243,2.3795424131778873,2.4241299799847242,2.3758914501085986,2.4002555734421676,2.3577946403615115,2.3671203354390857,2.372328759973673,2.4087256989575794,2.3651767790480425,2.4046812413233867,,
